"SUBJECT","Subject","LOCATION","Country","MEASURE","Measure","FREQUENCY","Frequency","TIME","Time","Unit Code","Unit","PowerCode Code","PowerCode","Reference Period Code","Reference Period","Value","Flag Codes","Flags"
"XTEXVA01","Exports in goods (value)","AUS","Australia","CXML","US-Dollar converted","Q","Quarterly","2016-Q4","Q4-2016","USD","US Dollar","9","Billions",,,57.92999,,
"XTEXVA01","Exports in goods (value)","AUS","Australia","CXML","US-Dollar converted","Q","Quarterly","2017-Q1","Q1-2017","USD","US Dollar","9","Billions",,,56.49471,,
"XTEXVA01","Exports in goods (value)","AUS","Australia","CXML","US-Dollar converted","Q","Quarterly","2017-Q2","Q2-2017","USD","US Dollar","9","Billions",,,56.13961,,
"XTEXVA01","Exports in goods (value)","AUS","Australia","CXML","US-Dollar converted","Q","Quarterly","2017-Q3","Q3-2017","USD","US Dollar","9","Billions",,,59.62208,,
"XTEXVA01","Exports in goods (value)","AUS","Australia","CXML","US-Dollar converted","Q","Quarterly","2017-Q4","Q4-2017","USD","US Dollar","9","Billions",,,58.77605,,
"XTEXVA01","Exports in goods (value)","AUS","Australia","CXML","US-Dollar converted","Q","Quarterly","2018-Q1","Q1-2018","USD","US Dollar","9","Billions",,,61.50787,,
"XTEXVA01","Exports in goods (value)","AUS","Australia","CXML","US-Dollar converted","Q","Quarterly","2018-Q2","Q2-2018","USD","US Dollar","9","Billions",,,63.75042,,
"XTEXVA01","Exports in goods (value)","AUS","Australia","CXML","US-Dollar converted","Q","Quarterly","2018-Q3","Q3-2018","USD","US Dollar","9","Billions",,,64.96259,,
"XTEXVA01","Exports in goods (value)","AUS","Australia","CXML","US-Dollar converted","Q","Quarterly","2018-Q4","Q4-2018","USD","US Dollar","9","Billions",,,66.94403,,
"XTEXVA01","Exports in goods (value)","AUS","Australia","CXML","US-Dollar converted","Q","Quarterly","2019-Q1","Q1-2019","USD","US Dollar","9","Billions",,,64.22102,,
"XTEXVA01","Exports in goods (value)","AUS","Australia","CXML","US-Dollar converted","Q","Quarterly","2019-Q2","Q2-2019","USD","US Dollar","9","Billions",,,70.21252,,
"XTEXVA01","Exports in goods (value)","AUS","Australia","CXML","US-Dollar converted","Q","Quarterly","2019-Q3","Q3-2019","USD","US Dollar","9","Billions",,,70.02585,,
"XTEXVA01","Exports in goods (value)","AUS","Australia","CXML","US-Dollar converted","Q","Quarterly","2019-Q4","Q4-2019","USD","US Dollar","9","Billions",,,66.42065,,
"XTEXVA01","Exports in goods (value)","AUS","Australia","CXML","US-Dollar converted","Q","Quarterly","2020-Q1","Q1-2020","USD","US Dollar","9","Billions",,,60.36396,,
"XTIMVA01","Imports in goods (value)","AUS","Australia","CXML","US-Dollar converted","Q","Quarterly","2016-Q4","Q4-2016","USD","US Dollar","9","Billions",,,49.21785,,
"XTIMVA01","Imports in goods (value)","AUS","Australia","CXML","US-Dollar converted","Q","Quarterly","2017-Q1","Q1-2017","USD","US Dollar","9","Billions",,,48.09214,,
"XTIMVA01","Imports in goods (value)","AUS","Australia","CXML","US-Dollar converted","Q","Quarterly","2017-Q2","Q2-2017","USD","US Dollar","9","Billions",,,52.37129,,
"XTIMVA01","Imports in goods (value)","AUS","Australia","CXML","US-Dollar converted","Q","Quarterly","2017-Q3","Q3-2017","USD","US Dollar","9","Billions",,,64.9368,,
"XTIMVA01","Imports in goods (value)","AUS","Australia","CXML","US-Dollar converted","Q","Quarterly","2017-Q4","Q4-2017","USD","US Dollar","9","Billions",,,55.95545,,
"XTIMVA01","Imports in goods (value)","AUS","Australia","CXML","US-Dollar converted","Q","Quarterly","2018-Q1","Q1-2018","USD","US Dollar","9","Billions",,,55.67738,,
"XTIMVA01","Imports in goods (value)","AUS","Australia","CXML","US-Dollar converted","Q","Quarterly","2018-Q2","Q2-2018","USD","US Dollar","9","Billions",,,56.96382,,
"XTIMVA01","Imports in goods (value)","AUS","Australia","CXML","US-Dollar converted","Q","Quarterly","2018-Q3","Q3-2018","USD","US Dollar","9","Billions",,,56.2605,,
"XTIMVA01","Imports in goods (value)","AUS","Australia","CXML","US-Dollar converted","Q","Quarterly","2018-Q4","Q4-2018","USD","US Dollar","9","Billions",,,58.13277,,
"XTIMVA01","Imports in goods (value)","AUS","Australia","CXML","US-Dollar converted","Q","Quarterly","2019-Q1","Q1-2019","USD","US Dollar","9","Billions",,,52.27286,,
"XTIMVA01","Imports in goods (value)","AUS","Australia","CXML","US-Dollar converted","Q","Quarterly","2019-Q2","Q2-2019","USD","US Dollar","9","Billions",,,52.69248,,
"XTIMVA01","Imports in goods (value)","AUS","Australia","CXML","US-Dollar converted","Q","Quarterly","2019-Q3","Q3-2019","USD","US Dollar","9","Billions",,,53.64252,,
"XTIMVA01","Imports in goods (value)","AUS","Australia","CXML","US-Dollar converted","Q","Quarterly","2019-Q4","Q4-2019","USD","US Dollar","9","Billions",,,55.10976,,
"XTIMVA01","Imports in goods (value)","AUS","Australia","CXML","US-Dollar converted","Q","Quarterly","2020-Q1","Q1-2020","USD","US Dollar","9","Billions",,,46.82555,,
"XTEXVA01","Exports in goods (value)","CAN","Canada","CXML","US-Dollar converted","Q","Quarterly","2016-Q4","Q4-2016","USD","US Dollar","9","Billions",,,102.3814,,
"XTEXVA01","Exports in goods (value)","CAN","Canada","CXML","US-Dollar converted","Q","Quarterly","2017-Q1","Q1-2017","USD","US Dollar","9","Billions",,,103.2858,,
"XTEXVA01","Exports in goods (value)","CAN","Canada","CXML","US-Dollar converted","Q","Quarterly","2017-Q2","Q2-2017","USD","US Dollar","9","Billions",,,106.7446,,
"XTEXVA01","Exports in goods (value)","CAN","Canada","CXML","US-Dollar converted","Q","Quarterly","2017-Q3","Q3-2017","USD","US Dollar","9","Billions",,,101.7371,,
"XTEXVA01","Exports in goods (value)","CAN","Canada","CXML","US-Dollar converted","Q","Quarterly","2017-Q4","Q4-2017","USD","US Dollar","9","Billions",,,108.8515,,
"XTEXVA01","Exports in goods (value)","CAN","Canada","CXML","US-Dollar converted","Q","Quarterly","2018-Q1","Q1-2018","USD","US Dollar","9","Billions",,,108.57,,
"XTEXVA01","Exports in goods (value)","CAN","Canada","CXML","US-Dollar converted","Q","Quarterly","2018-Q2","Q2-2018","USD","US Dollar","9","Billions",,,116.7977,,
"XTEXVA01","Exports in goods (value)","CAN","Canada","CXML","US-Dollar converted","Q","Quarterly","2018-Q3","Q3-2018","USD","US Dollar","9","Billions",,,113.5756,,
"XTEXVA01","Exports in goods (value)","CAN","Canada","CXML","US-Dollar converted","Q","Quarterly","2018-Q4","Q4-2018","USD","US Dollar","9","Billions",,,111.8281,,
"XTEXVA01","Exports in goods (value)","CAN","Canada","CXML","US-Dollar converted","Q","Quarterly","2019-Q1","Q1-2019","USD","US Dollar","9","Billions",,,105.5895,,
"XTEXVA01","Exports in goods (value)","CAN","Canada","CXML","US-Dollar converted","Q","Quarterly","2019-Q2","Q2-2019","USD","US Dollar","9","Billions",,,116.9095,,
"XTEXVA01","Exports in goods (value)","CAN","Canada","CXML","US-Dollar converted","Q","Quarterly","2019-Q3","Q3-2019","USD","US Dollar","9","Billions",,,111.6722,,
"XTEXVA01","Exports in goods (value)","CAN","Canada","CXML","US-Dollar converted","Q","Quarterly","2019-Q4","Q4-2019","USD","US Dollar","9","Billions",,,112.8232,,
"XTEXVA01","Exports in goods (value)","CAN","Canada","CXML","US-Dollar converted","Q","Quarterly","2020-Q1","Q1-2020","USD","US Dollar","9","Billions",,,103.4956,,
"XTIMVA01","Imports in goods (value)","CAN","Canada","CXML","US-Dollar converted","Q","Quarterly","2016-Q4","Q4-2016","USD","US Dollar","9","Billions",,,98.612,,
"XTIMVA01","Imports in goods (value)","CAN","Canada","CXML","US-Dollar converted","Q","Quarterly","2017-Q1","Q1-2017","USD","US Dollar","9","Billions",,,101.5482,,
"XTIMVA01","Imports in goods (value)","CAN","Canada","CXML","US-Dollar converted","Q","Quarterly","2017-Q2","Q2-2017","USD","US Dollar","9","Billions",,,110.5514,,
"XTIMVA01","Imports in goods (value)","CAN","Canada","CXML","US-Dollar converted","Q","Quarterly","2017-Q3","Q3-2017","USD","US Dollar","9","Billions",,,110.3509,,
"XTIMVA01","Imports in goods (value)","CAN","Canada","CXML","US-Dollar converted","Q","Quarterly","2017-Q4","Q4-2017","USD","US Dollar","9","Billions",,,110.6827,,
"XTIMVA01","Imports in goods (value)","CAN","Canada","CXML","US-Dollar converted","Q","Quarterly","2018-Q1","Q1-2018","USD","US Dollar","9","Billions",,,111.4042,,
"XTIMVA01","Imports in goods (value)","CAN","Canada","CXML","US-Dollar converted","Q","Quarterly","2018-Q2","Q2-2018","USD","US Dollar","9","Billions",,,121.0658,,
"XTIMVA01","Imports in goods (value)","CAN","Canada","CXML","US-Dollar converted","Q","Quarterly","2018-Q3","Q3-2018","USD","US Dollar","9","Billions",,,115.4913,,
"XTIMVA01","Imports in goods (value)","CAN","Canada","CXML","US-Dollar converted","Q","Quarterly","2018-Q4","Q4-2018","USD","US Dollar","9","Billions",,,111.836,,
"XTIMVA01","Imports in goods (value)","CAN","Canada","CXML","US-Dollar converted","Q","Quarterly","2019-Q1","Q1-2019","USD","US Dollar","9","Billions",,,111.2023,,
"XTIMVA01","Imports in goods (value)","CAN","Canada","CXML","US-Dollar converted","Q","Quarterly","2019-Q2","Q2-2019","USD","US Dollar","9","Billions",,,117.2366,,
"XTIMVA01","Imports in goods (value)","CAN","Canada","CXML","US-Dollar converted","Q","Quarterly","2019-Q3","Q3-2019","USD","US Dollar","9","Billions",,,114.4255,,
"XTIMVA01","Imports in goods (value)","CAN","Canada","CXML","US-Dollar converted","Q","Quarterly","2019-Q4","Q4-2019","USD","US Dollar","9","Billions",,,110.4087,,
"XTIMVA01","Imports in goods (value)","CAN","Canada","CXML","US-Dollar converted","Q","Quarterly","2020-Q1","Q1-2020","USD","US Dollar","9","Billions",,,104.0574,,
"XTEXVA01","Exports in goods (value)","FRA","France","CXML","US-Dollar converted","Q","Quarterly","2016-Q4","Q4-2016","USD","US Dollar","9","Billions",,,127.5087,,
"XTEXVA01","Exports in goods (value)","FRA","France","CXML","US-Dollar converted","Q","Quarterly","2017-Q1","Q1-2017","USD","US Dollar","9","Billions",,,124.8032,,
"XTEXVA01","Exports in goods (value)","FRA","France","CXML","US-Dollar converted","Q","Quarterly","2017-Q2","Q2-2017","USD","US Dollar","9","Billions",,,132.0315,,
"XTEXVA01","Exports in goods (value)","FRA","France","CXML","US-Dollar converted","Q","Quarterly","2017-Q3","Q3-2017","USD","US Dollar","9","Billions",,,131.0672,,
"XTEXVA01","Exports in goods (value)","FRA","France","CXML","US-Dollar converted","Q","Quarterly","2017-Q4","Q4-2017","USD","US Dollar","9","Billions",,,147.1295,,
"XTEXVA01","Exports in goods (value)","FRA","France","CXML","US-Dollar converted","Q","Quarterly","2018-Q1","Q1-2018","USD","US Dollar","9","Billions",,,149.7604,,
"XTEXVA01","Exports in goods (value)","FRA","France","CXML","US-Dollar converted","Q","Quarterly","2018-Q2","Q2-2018","USD","US Dollar","9","Billions",,,146.2367,,
"XTEXVA01","Exports in goods (value)","FRA","France","CXML","US-Dollar converted","Q","Quarterly","2018-Q3","Q3-2018","USD","US Dollar","9","Billions",,,136.1535,,
"XTEXVA01","Exports in goods (value)","FRA","France","CXML","US-Dollar converted","Q","Quarterly","2018-Q4","Q4-2018","USD","US Dollar","9","Billions",,,149.3671,,
"XTEXVA01","Exports in goods (value)","FRA","France","CXML","US-Dollar converted","Q","Quarterly","2019-Q1","Q1-2019","USD","US Dollar","9","Billions",,,145.2974,,
"XTEXVA01","Exports in goods (value)","FRA","France","CXML","US-Dollar converted","Q","Quarterly","2019-Q2","Q2-2019","USD","US Dollar","9","Billions",,,146.1156,,
"XTEXVA01","Exports in goods (value)","FRA","France","CXML","US-Dollar converted","Q","Quarterly","2019-Q3","Q3-2019","USD","US Dollar","9","Billions",,,133.7073,,
"XTEXVA01","Exports in goods (value)","FRA","France","CXML","US-Dollar converted","Q","Quarterly","2019-Q4","Q4-2019","USD","US Dollar","9","Billions",,,144.58,,
"XTEXVA01","Exports in goods (value)","FRA","France","CXML","US-Dollar converted","Q","Quarterly","2020-Q1","Q1-2020","USD","US Dollar","9","Billions",,,129.904,,
"XTIMVA01","Imports in goods (value)","FRA","France","CXML","US-Dollar converted","Q","Quarterly","2016-Q4","Q4-2016","USD","US Dollar","9","Billions",,,143.6532,,
"XTIMVA01","Imports in goods (value)","FRA","France","CXML","US-Dollar converted","Q","Quarterly","2017-Q1","Q1-2017","USD","US Dollar","9","Billions",,,149.7646,,
"XTIMVA01","Imports in goods (value)","FRA","France","CXML","US-Dollar converted","Q","Quarterly","2017-Q2","Q2-2017","USD","US Dollar","9","Billions",,,150.2006,,
"XTIMVA01","Imports in goods (value)","FRA","France","CXML","US-Dollar converted","Q","Quarterly","2017-Q3","Q3-2017","USD","US Dollar","9","Billions",,,151.9952,,
"XTIMVA01","Imports in goods (value)","FRA","France","CXML","US-Dollar converted","Q","Quarterly","2017-Q4","Q4-2017","USD","US Dollar","9","Billions",,,166.6293,,
"XTIMVA01","Imports in goods (value)","FRA","France","CXML","US-Dollar converted","Q","Quarterly","2018-Q1","Q1-2018","USD","US Dollar","9","Billions",,,174.7047,,
"XTIMVA01","Imports in goods (value)","FRA","France","CXML","US-Dollar converted","Q","Quarterly","2018-Q2","Q2-2018","USD","US Dollar","9","Billions",,,171.4283,,
"XTIMVA01","Imports in goods (value)","FRA","France","CXML","US-Dollar converted","Q","Quarterly","2018-Q3","Q3-2018","USD","US Dollar","9","Billions",,,157.9574,,
"XTIMVA01","Imports in goods (value)","FRA","France","CXML","US-Dollar converted","Q","Quarterly","2018-Q4","Q4-2018","USD","US Dollar","9","Billions",,,167.1277,,
"XTIMVA01","Imports in goods (value)","FRA","France","CXML","US-Dollar converted","Q","Quarterly","2019-Q1","Q1-2019","USD","US Dollar","9","Billions",,,167.3038,,
"XTIMVA01","Imports in goods (value)","FRA","France","CXML","US-Dollar converted","Q","Quarterly","2019-Q2","Q2-2019","USD","US Dollar","9","Billions",,,165.5865,,
"XTIMVA01","Imports in goods (value)","FRA","France","CXML","US-Dollar converted","Q","Quarterly","2019-Q3","Q3-2019","USD","US Dollar","9","Billions",,,155.2442,,
"XTIMVA01","Imports in goods (value)","FRA","France","CXML","US-Dollar converted","Q","Quarterly","2019-Q4","Q4-2019","USD","US Dollar","9","Billions",,,162.9754,,
"XTIMVA01","Imports in goods (value)","FRA","France","CXML","US-Dollar converted","Q","Quarterly","2020-Q1","Q1-2020","USD","US Dollar","9","Billions",,,151.3967,,
"XTEXVA01","Exports in goods (value)","DEU","Germany","CXML","US-Dollar converted","Q","Quarterly","2016-Q4","Q4-2016","USD","US Dollar","9","Billions",,,329.8082,,
"XTEXVA01","Exports in goods (value)","DEU","Germany","CXML","US-Dollar converted","Q","Quarterly","2017-Q1","Q1-2017","USD","US Dollar","9","Billions",,,340.7836,,
"XTEXVA01","Exports in goods (value)","DEU","Germany","CXML","US-Dollar converted","Q","Quarterly","2017-Q2","Q2-2017","USD","US Dollar","9","Billions",,,351.0573,,
"XTEXVA01","Exports in goods (value)","DEU","Germany","CXML","US-Dollar converted","Q","Quarterly","2017-Q3","Q3-2017","USD","US Dollar","9","Billions",,,372.598,,
"XTEXVA01","Exports in goods (value)","DEU","Germany","CXML","US-Dollar converted","Q","Quarterly","2017-Q4","Q4-2017","USD","US Dollar","9","Billions",,,383.4932,,
"XTEXVA01","Exports in goods (value)","DEU","Germany","CXML","US-Dollar converted","Q","Quarterly","2018-Q1","Q1-2018","USD","US Dollar","9","Billions",,,404.1651,,
"XTEXVA01","Exports in goods (value)","DEU","Germany","CXML","US-Dollar converted","Q","Quarterly","2018-Q2","Q2-2018","USD","US Dollar","9","Billions",,,399.7999,,
"XTEXVA01","Exports in goods (value)","DEU","Germany","CXML","US-Dollar converted","Q","Quarterly","2018-Q3","Q3-2018","USD","US Dollar","9","Billions",,,379.6302,,
"XTEXVA01","Exports in goods (value)","DEU","Germany","CXML","US-Dollar converted","Q","Quarterly","2018-Q4","Q4-2018","USD","US Dollar","9","Billions",,,376.3843,,
"XTEXVA01","Exports in goods (value)","DEU","Germany","CXML","US-Dollar converted","Q","Quarterly","2019-Q1","Q1-2019","USD","US Dollar","9","Billions",,,382.0365,,
"XTEXVA01","Exports in goods (value)","DEU","Germany","CXML","US-Dollar converted","Q","Quarterly","2019-Q2","Q2-2019","USD","US Dollar","9","Billions",,,371.6914,,
"XTEXVA01","Exports in goods (value)","DEU","Germany","CXML","US-Dollar converted","Q","Quarterly","2019-Q3","Q3-2019","USD","US Dollar","9","Billions",,,368.287,,
"XTEXVA01","Exports in goods (value)","DEU","Germany","CXML","US-Dollar converted","Q","Quarterly","2019-Q4","Q4-2019","USD","US Dollar","9","Billions",,,367.1907,,
"XTEXVA01","Exports in goods (value)","DEU","Germany","CXML","US-Dollar converted","Q","Quarterly","2020-Q1","Q1-2020","USD","US Dollar","9","Billions",,,358.6382,,
"XTIMVA01","Imports in goods (value)","DEU","Germany","CXML","US-Dollar converted","Q","Quarterly","2016-Q4","Q4-2016","USD","US Dollar","9","Billions",,,265.481,,
"XTIMVA01","Imports in goods (value)","DEU","Germany","CXML","US-Dollar converted","Q","Quarterly","2017-Q1","Q1-2017","USD","US Dollar","9","Billions",,,275.2399,,
"XTIMVA01","Imports in goods (value)","DEU","Germany","CXML","US-Dollar converted","Q","Quarterly","2017-Q2","Q2-2017","USD","US Dollar","9","Billions",,,281.2502,,
"XTIMVA01","Imports in goods (value)","DEU","Germany","CXML","US-Dollar converted","Q","Quarterly","2017-Q3","Q3-2017","USD","US Dollar","9","Billions",,,296.5913,,
"XTIMVA01","Imports in goods (value)","DEU","Germany","CXML","US-Dollar converted","Q","Quarterly","2017-Q4","Q4-2017","USD","US Dollar","9","Billions",,,309.7872,,
"XTIMVA01","Imports in goods (value)","DEU","Germany","CXML","US-Dollar converted","Q","Quarterly","2018-Q1","Q1-2018","USD","US Dollar","9","Billions",,,327.3611,,
"XTIMVA01","Imports in goods (value)","DEU","Germany","CXML","US-Dollar converted","Q","Quarterly","2018-Q2","Q2-2018","USD","US Dollar","9","Billions",,,323.9586,,
"XTIMVA01","Imports in goods (value)","DEU","Germany","CXML","US-Dollar converted","Q","Quarterly","2018-Q3","Q3-2018","USD","US Dollar","9","Billions",,,317.6084,,
"XTIMVA01","Imports in goods (value)","DEU","Germany","CXML","US-Dollar converted","Q","Quarterly","2018-Q4","Q4-2018","USD","US Dollar","9","Billions",,,314.9782,,
"XTIMVA01","Imports in goods (value)","DEU","Germany","CXML","US-Dollar converted","Q","Quarterly","2019-Q1","Q1-2019","USD","US Dollar","9","Billions",,,318.8038,,
"XTIMVA01","Imports in goods (value)","DEU","Germany","CXML","US-Dollar converted","Q","Quarterly","2019-Q2","Q2-2019","USD","US Dollar","9","Billions",,,308.7759,,
"XTIMVA01","Imports in goods (value)","DEU","Germany","CXML","US-Dollar converted","Q","Quarterly","2019-Q3","Q3-2019","USD","US Dollar","9","Billions",,,301.5516,,
"XTIMVA01","Imports in goods (value)","DEU","Germany","CXML","US-Dollar converted","Q","Quarterly","2019-Q4","Q4-2019","USD","US Dollar","9","Billions",,,305.3075,,
"XTIMVA01","Imports in goods (value)","DEU","Germany","CXML","US-Dollar converted","Q","Quarterly","2020-Q1","Q1-2020","USD","US Dollar","9","Billions",,,300.3849,,
"XTEXVA01","Exports in goods (value)","ITA","Italy","CXML","US-Dollar converted","Q","Quarterly","2016-Q4","Q4-2016","USD","US Dollar","9","Billions",,,117.3844,,
"XTEXVA01","Exports in goods (value)","ITA","Italy","CXML","US-Dollar converted","Q","Quarterly","2017-Q1","Q1-2017","USD","US Dollar","9","Billions",,,116.4904,,
"XTEXVA01","Exports in goods (value)","ITA","Italy","CXML","US-Dollar converted","Q","Quarterly","2017-Q2","Q2-2017","USD","US Dollar","9","Billions",,,126.3656,,
"XTEXVA01","Exports in goods (value)","ITA","Italy","CXML","US-Dollar converted","Q","Quarterly","2017-Q3","Q3-2017","USD","US Dollar","9","Billions",,,126.3795,,
"XTEXVA01","Exports in goods (value)","ITA","Italy","CXML","US-Dollar converted","Q","Quarterly","2017-Q4","Q4-2017","USD","US Dollar","9","Billions",,,138.1236,,
"XTEXVA01","Exports in goods (value)","ITA","Italy","CXML","US-Dollar converted","Q","Quarterly","2018-Q1","Q1-2018","USD","US Dollar","9","Billions",,,139.192,,
"XTEXVA01","Exports in goods (value)","ITA","Italy","CXML","US-Dollar converted","Q","Quarterly","2018-Q2","Q2-2018","USD","US Dollar","9","Billions",,,142.5423,,
"XTEXVA01","Exports in goods (value)","ITA","Italy","CXML","US-Dollar converted","Q","Quarterly","2018-Q3","Q3-2018","USD","US Dollar","9","Billions",,,129.1543,,
"XTEXVA01","Exports in goods (value)","ITA","Italy","CXML","US-Dollar converted","Q","Quarterly","2018-Q4","Q4-2018","USD","US Dollar","9","Billions",,,138.4823,,
"XTEXVA01","Exports in goods (value)","ITA","Italy","CXML","US-Dollar converted","Q","Quarterly","2019-Q1","Q1-2019","USD","US Dollar","9","Billions",,,130.2701,,
"XTEXVA01","Exports in goods (value)","ITA","Italy","CXML","US-Dollar converted","Q","Quarterly","2019-Q2","Q2-2019","USD","US Dollar","9","Billions",,,138.2859,,
"XTEXVA01","Exports in goods (value)","ITA","Italy","CXML","US-Dollar converted","Q","Quarterly","2019-Q3","Q3-2019","USD","US Dollar","9","Billions",,,127.3781,,
"XTEXVA01","Exports in goods (value)","ITA","Italy","CXML","US-Dollar converted","Q","Quarterly","2019-Q4","Q4-2019","USD","US Dollar","9","Billions",,,136.7047,,
"XTEXVA01","Exports in goods (value)","ITA","Italy","CXML","US-Dollar converted","Q","Quarterly","2020-Q1","Q1-2020","USD","US Dollar","9","Billions",,,124.0196,,
"XTIMVA01","Imports in goods (value)","ITA","Italy","CXML","US-Dollar converted","Q","Quarterly","2016-Q4","Q4-2016","USD","US Dollar","9","Billions",,,102.4222,,
"XTIMVA01","Imports in goods (value)","ITA","Italy","CXML","US-Dollar converted","Q","Quarterly","2017-Q1","Q1-2017","USD","US Dollar","9","Billions",,,109.0208,,
"XTIMVA01","Imports in goods (value)","ITA","Italy","CXML","US-Dollar converted","Q","Quarterly","2017-Q2","Q2-2017","USD","US Dollar","9","Billions",,,112.7215,,
"XTIMVA01","Imports in goods (value)","ITA","Italy","CXML","US-Dollar converted","Q","Quarterly","2017-Q3","Q3-2017","USD","US Dollar","9","Billions",,,110.4503,,
"XTIMVA01","Imports in goods (value)","ITA","Italy","CXML","US-Dollar converted","Q","Quarterly","2017-Q4","Q4-2017","USD","US Dollar","9","Billions",,,120.8578,,
"XTIMVA01","Imports in goods (value)","ITA","Italy","CXML","US-Dollar converted","Q","Quarterly","2018-Q1","Q1-2018","USD","US Dollar","9","Billions",,,129.9211,,
"XTIMVA01","Imports in goods (value)","ITA","Italy","CXML","US-Dollar converted","Q","Quarterly","2018-Q2","Q2-2018","USD","US Dollar","9","Billions",,,128.6841,,
"XTIMVA01","Imports in goods (value)","ITA","Italy","CXML","US-Dollar converted","Q","Quarterly","2018-Q3","Q3-2018","USD","US Dollar","9","Billions",,,118.0869,,
"XTIMVA01","Imports in goods (value)","ITA","Italy","CXML","US-Dollar converted","Q","Quarterly","2018-Q4","Q4-2018","USD","US Dollar","9","Billions",,,126.4016,,
"XTIMVA01","Imports in goods (value)","ITA","Italy","CXML","US-Dollar converted","Q","Quarterly","2019-Q1","Q1-2019","USD","US Dollar","9","Billions",,,121.026,,
"XTIMVA01","Imports in goods (value)","ITA","Italy","CXML","US-Dollar converted","Q","Quarterly","2019-Q2","Q2-2019","USD","US Dollar","9","Billions",,,122.6219,,
"XTIMVA01","Imports in goods (value)","ITA","Italy","CXML","US-Dollar converted","Q","Quarterly","2019-Q3","Q3-2019","USD","US Dollar","9","Billions",,,113.0378,,
"XTIMVA01","Imports in goods (value)","ITA","Italy","CXML","US-Dollar converted","Q","Quarterly","2019-Q4","Q4-2019","USD","US Dollar","9","Billions",,,116.8273,,
"XTIMVA01","Imports in goods (value)","ITA","Italy","CXML","US-Dollar converted","Q","Quarterly","2020-Q1","Q1-2020","USD","US Dollar","9","Billions",,,110.4524,,
"XTEXVA01","Exports in goods (value)","JPN","Japan","CXML","US-Dollar converted","Q","Quarterly","2016-Q4","Q4-2016","USD","US Dollar","9","Billions",,,169.1923,,
"XTEXVA01","Exports in goods (value)","JPN","Japan","CXML","US-Dollar converted","Q","Quarterly","2017-Q1","Q1-2017","USD","US Dollar","9","Billions",,,167.0582,,
"XTEXVA01","Exports in goods (value)","JPN","Japan","CXML","US-Dollar converted","Q","Quarterly","2017-Q2","Q2-2017","USD","US Dollar","9","Billions",,,169.1865,,
"XTEXVA01","Exports in goods (value)","JPN","Japan","CXML","US-Dollar converted","Q","Quarterly","2017-Q3","Q3-2017","USD","US Dollar","9","Billions",,,176.3797,,
"XTEXVA01","Exports in goods (value)","JPN","Japan","CXML","US-Dollar converted","Q","Quarterly","2017-Q4","Q4-2017","USD","US Dollar","9","Billions",,,185.2171,,
"XTEXVA01","Exports in goods (value)","JPN","Japan","CXML","US-Dollar converted","Q","Quarterly","2018-Q1","Q1-2018","USD","US Dollar","9","Billions",,,183.9403,,
"XTEXVA01","Exports in goods (value)","JPN","Japan","CXML","US-Dollar converted","Q","Quarterly","2018-Q2","Q2-2018","USD","US Dollar","9","Billions",,,185.1662,,
"XTEXVA01","Exports in goods (value)","JPN","Japan","CXML","US-Dollar converted","Q","Quarterly","2018-Q3","Q3-2018","USD","US Dollar","9","Billions",,,180.7664,,
"XTEXVA01","Exports in goods (value)","JPN","Japan","CXML","US-Dollar converted","Q","Quarterly","2018-Q4","Q4-2018","USD","US Dollar","9","Billions",,,187.8673,,
"XTEXVA01","Exports in goods (value)","JPN","Japan","CXML","US-Dollar converted","Q","Quarterly","2019-Q1","Q1-2019","USD","US Dollar","9","Billions",,,173.8405,,
"XTEXVA01","Exports in goods (value)","JPN","Japan","CXML","US-Dollar converted","Q","Quarterly","2019-Q2","Q2-2019","USD","US Dollar","9","Billions",,,173.6386,,
"XTEXVA01","Exports in goods (value)","JPN","Japan","CXML","US-Dollar converted","Q","Quarterly","2019-Q3","Q3-2019","USD","US Dollar","9","Billions",,,178.431,,
"XTEXVA01","Exports in goods (value)","JPN","Japan","CXML","US-Dollar converted","Q","Quarterly","2019-Q4","Q4-2019","USD","US Dollar","9","Billions",,,179.6805,,
"XTEXVA01","Exports in goods (value)","JPN","Japan","CXML","US-Dollar converted","Q","Quarterly","2020-Q1","Q1-2020","USD","US Dollar","9","Billions",,,166.2253,,
"XTIMVA01","Imports in goods (value)","JPN","Japan","CXML","US-Dollar converted","Q","Quarterly","2016-Q4","Q4-2016","USD","US Dollar","9","Billions",,,157.6397,,
"XTIMVA01","Imports in goods (value)","JPN","Japan","CXML","US-Dollar converted","Q","Quarterly","2017-Q1","Q1-2017","USD","US Dollar","9","Billions",,,164.3937,,
"XTIMVA01","Imports in goods (value)","JPN","Japan","CXML","US-Dollar converted","Q","Quarterly","2017-Q2","Q2-2017","USD","US Dollar","9","Billions",,,162.8196,,
"XTIMVA01","Imports in goods (value)","JPN","Japan","CXML","US-Dollar converted","Q","Quarterly","2017-Q3","Q3-2017","USD","US Dollar","9","Billions",,,165.9574,,
"XTIMVA01","Imports in goods (value)","JPN","Japan","CXML","US-Dollar converted","Q","Quarterly","2017-Q4","Q4-2017","USD","US Dollar","9","Billions",,,178.6651,,
"XTIMVA01","Imports in goods (value)","JPN","Japan","CXML","US-Dollar converted","Q","Quarterly","2018-Q1","Q1-2018","USD","US Dollar","9","Billions",,,185.7258,,
"XTIMVA01","Imports in goods (value)","JPN","Japan","CXML","US-Dollar converted","Q","Quarterly","2018-Q2","Q2-2018","USD","US Dollar","9","Billions",,,178.0963,,
"XTIMVA01","Imports in goods (value)","JPN","Japan","CXML","US-Dollar converted","Q","Quarterly","2018-Q3","Q3-2018","USD","US Dollar","9","Billions",,,185.7121,,
"XTIMVA01","Imports in goods (value)","JPN","Japan","CXML","US-Dollar converted","Q","Quarterly","2018-Q4","Q4-2018","USD","US Dollar","9","Billions",,,198.9582,,
"XTIMVA01","Imports in goods (value)","JPN","Japan","CXML","US-Dollar converted","Q","Quarterly","2019-Q1","Q1-2019","USD","US Dollar","9","Billions",,,179.0842,,
"XTIMVA01","Imports in goods (value)","JPN","Japan","CXML","US-Dollar converted","Q","Quarterly","2019-Q2","Q2-2019","USD","US Dollar","9","Billions",,,176.5343,,
"XTIMVA01","Imports in goods (value)","JPN","Japan","CXML","US-Dollar converted","Q","Quarterly","2019-Q3","Q3-2019","USD","US Dollar","9","Billions",,,183.4172,,
"XTIMVA01","Imports in goods (value)","JPN","Japan","CXML","US-Dollar converted","Q","Quarterly","2019-Q4","Q4-2019","USD","US Dollar","9","Billions",,,181.855,,
"XTIMVA01","Imports in goods (value)","JPN","Japan","CXML","US-Dollar converted","Q","Quarterly","2020-Q1","Q1-2020","USD","US Dollar","9","Billions",,,168.0732,,
"XTEXVA01","Exports in goods (value)","KOR","Korea","CXML","US-Dollar converted","Q","Quarterly","2016-Q4","Q4-2016","USD","US Dollar","9","Billions",,,132.3613,,
"XTEXVA01","Exports in goods (value)","KOR","Korea","CXML","US-Dollar converted","Q","Quarterly","2017-Q1","Q1-2017","USD","US Dollar","9","Billions",,,132.0614,,
"XTEXVA01","Exports in goods (value)","KOR","Korea","CXML","US-Dollar converted","Q","Quarterly","2017-Q2","Q2-2017","USD","US Dollar","9","Billions",,,147.0432,,
"XTEXVA01","Exports in goods (value)","KOR","Korea","CXML","US-Dollar converted","Q","Quarterly","2017-Q3","Q3-2017","USD","US Dollar","9","Billions",,,151.0513,,
"XTEXVA01","Exports in goods (value)","KOR","Korea","CXML","US-Dollar converted","Q","Quarterly","2017-Q4","Q4-2017","USD","US Dollar","9","Billions",,,143.5386,,
"XTEXVA01","Exports in goods (value)","KOR","Korea","CXML","US-Dollar converted","Q","Quarterly","2018-Q1","Q1-2018","USD","US Dollar","9","Billions",,,145.0547,,
"XTEXVA01","Exports in goods (value)","KOR","Korea","CXML","US-Dollar converted","Q","Quarterly","2018-Q2","Q2-2018","USD","US Dollar","9","Billions",,,151.6174,,
"XTEXVA01","Exports in goods (value)","KOR","Korea","CXML","US-Dollar converted","Q","Quarterly","2018-Q3","Q3-2018","USD","US Dollar","9","Billions",,,153.6409,,
"XTEXVA01","Exports in goods (value)","KOR","Korea","CXML","US-Dollar converted","Q","Quarterly","2018-Q4","Q4-2018","USD","US Dollar","9","Billions",,,154.5466,,
"XTEXVA01","Exports in goods (value)","KOR","Korea","CXML","US-Dollar converted","Q","Quarterly","2019-Q1","Q1-2019","USD","US Dollar","9","Billions",,,132.6539,,
"XTEXVA01","Exports in goods (value)","KOR","Korea","CXML","US-Dollar converted","Q","Quarterly","2019-Q2","Q2-2019","USD","US Dollar","9","Billions",,,138.4935,,
"XTEXVA01","Exports in goods (value)","KOR","Korea","CXML","US-Dollar converted","Q","Quarterly","2019-Q3","Q3-2019","USD","US Dollar","9","Billions",,,134.7273,,
"XTEXVA01","Exports in goods (value)","KOR","Korea","CXML","US-Dollar converted","Q","Quarterly","2019-Q4","Q4-2019","USD","US Dollar","9","Billions",,,136.3578,,
"XTEXVA01","Exports in goods (value)","KOR","Korea","CXML","US-Dollar converted","Q","Quarterly","2020-Q1","Q1-2020","USD","US Dollar","9","Billions",,,130.8066,,
"XTIMVA01","Imports in goods (value)","KOR","Korea","CXML","US-Dollar converted","Q","Quarterly","2016-Q4","Q4-2016","USD","US Dollar","9","Billions",,,110.5949,,
"XTIMVA01","Imports in goods (value)","KOR","Korea","CXML","US-Dollar converted","Q","Quarterly","2017-Q1","Q1-2017","USD","US Dollar","9","Billions",,,116.4282,,
"XTIMVA01","Imports in goods (value)","KOR","Korea","CXML","US-Dollar converted","Q","Quarterly","2017-Q2","Q2-2017","USD","US Dollar","9","Billions",,,117.7982,,
"XTIMVA01","Imports in goods (value)","KOR","Korea","CXML","US-Dollar converted","Q","Quarterly","2017-Q3","Q3-2017","USD","US Dollar","9","Billions",,,120.8528,,
"XTIMVA01","Imports in goods (value)","KOR","Korea","CXML","US-Dollar converted","Q","Quarterly","2017-Q4","Q4-2017","USD","US Dollar","9","Billions",,,123.3991,,
"XTIMVA01","Imports in goods (value)","KOR","Korea","CXML","US-Dollar converted","Q","Quarterly","2018-Q1","Q1-2018","USD","US Dollar","9","Billions",,,132.4253,,
"XTIMVA01","Imports in goods (value)","KOR","Korea","CXML","US-Dollar converted","Q","Quarterly","2018-Q2","Q2-2018","USD","US Dollar","9","Billions",,,133.1529,,
"XTIMVA01","Imports in goods (value)","KOR","Korea","CXML","US-Dollar converted","Q","Quarterly","2018-Q3","Q3-2018","USD","US Dollar","9","Billions",,,130.3107,,
"XTIMVA01","Imports in goods (value)","KOR","Korea","CXML","US-Dollar converted","Q","Quarterly","2018-Q4","Q4-2018","USD","US Dollar","9","Billions",,,139.3135,,
"XTIMVA01","Imports in goods (value)","KOR","Korea","CXML","US-Dollar converted","Q","Quarterly","2019-Q1","Q1-2019","USD","US Dollar","9","Billions",,,123.7972,,
"XTIMVA01","Imports in goods (value)","KOR","Korea","CXML","US-Dollar converted","Q","Quarterly","2019-Q2","Q2-2019","USD","US Dollar","9","Billions",,,128.7716,,
"XTIMVA01","Imports in goods (value)","KOR","Korea","CXML","US-Dollar converted","Q","Quarterly","2019-Q3","Q3-2019","USD","US Dollar","9","Billions",,,124.961,,
"XTIMVA01","Imports in goods (value)","KOR","Korea","CXML","US-Dollar converted","Q","Quarterly","2019-Q4","Q4-2019","USD","US Dollar","9","Billions",,,125.8132,,
"XTIMVA01","Imports in goods (value)","KOR","Korea","CXML","US-Dollar converted","Q","Quarterly","2020-Q1","Q1-2020","USD","US Dollar","9","Billions",,,122.0793,,
"XTEXVA01","Exports in goods (value)","MEX","Mexico","CXML","US-Dollar converted","Q","Quarterly","2016-Q4","Q4-2016","USD","US Dollar","9","Billions",,,100.1354,,
"XTEXVA01","Exports in goods (value)","MEX","Mexico","CXML","US-Dollar converted","Q","Quarterly","2017-Q1","Q1-2017","USD","US Dollar","9","Billions",,,94.71057,,
"XTEXVA01","Exports in goods (value)","MEX","Mexico","CXML","US-Dollar converted","Q","Quarterly","2017-Q2","Q2-2017","USD","US Dollar","9","Billions",,,102.6592,,
"XTEXVA01","Exports in goods (value)","MEX","Mexico","CXML","US-Dollar converted","Q","Quarterly","2017-Q3","Q3-2017","USD","US Dollar","9","Billions",,,101.8534,,
"XTEXVA01","Exports in goods (value)","MEX","Mexico","CXML","US-Dollar converted","Q","Quarterly","2017-Q4","Q4-2017","USD","US Dollar","9","Billions",,,110.2094,,
"XTEXVA01","Exports in goods (value)","MEX","Mexico","CXML","US-Dollar converted","Q","Quarterly","2018-Q1","Q1-2018","USD","US Dollar","9","Billions",,,105.2966,,
"XTEXVA01","Exports in goods (value)","MEX","Mexico","CXML","US-Dollar converted","Q","Quarterly","2018-Q2","Q2-2018","USD","US Dollar","9","Billions",,,113.8791,,
"XTEXVA01","Exports in goods (value)","MEX","Mexico","CXML","US-Dollar converted","Q","Quarterly","2018-Q3","Q3-2018","USD","US Dollar","9","Billions",,,113.9882,,
"XTEXVA01","Exports in goods (value)","MEX","Mexico","CXML","US-Dollar converted","Q","Quarterly","2018-Q4","Q4-2018","USD","US Dollar","9","Billions",,,117.5493,,
"XTEXVA01","Exports in goods (value)","MEX","Mexico","CXML","US-Dollar converted","Q","Quarterly","2019-Q1","Q1-2019","USD","US Dollar","9","Billions",,,108.0953,,
"XTEXVA01","Exports in goods (value)","MEX","Mexico","CXML","US-Dollar converted","Q","Quarterly","2019-Q2","Q2-2019","USD","US Dollar","9","Billions",,,119.2682,,
"XTEXVA01","Exports in goods (value)","MEX","Mexico","CXML","US-Dollar converted","Q","Quarterly","2019-Q3","Q3-2019","USD","US Dollar","9","Billions",,,116.3705,,
"XTEXVA01","Exports in goods (value)","MEX","Mexico","CXML","US-Dollar converted","Q","Quarterly","2019-Q4","Q4-2019","USD","US Dollar","9","Billions",,,116.9699,,
"XTEXVA01","Exports in goods (value)","MEX","Mexico","CXML","US-Dollar converted","Q","Quarterly","2020-Q1","Q1-2020","USD","US Dollar","9","Billions",,,108.5222,,
"XTIMVA01","Imports in goods (value)","MEX","Mexico","CXML","US-Dollar converted","Q","Quarterly","2016-Q4","Q4-2016","USD","US Dollar","9","Billions",,,100.9645,,
"XTIMVA01","Imports in goods (value)","MEX","Mexico","CXML","US-Dollar converted","Q","Quarterly","2017-Q1","Q1-2017","USD","US Dollar","9","Billions",,,97.4855,,
"XTIMVA01","Imports in goods (value)","MEX","Mexico","CXML","US-Dollar converted","Q","Quarterly","2017-Q2","Q2-2017","USD","US Dollar","9","Billions",,,102.9655,,
"XTIMVA01","Imports in goods (value)","MEX","Mexico","CXML","US-Dollar converted","Q","Quarterly","2017-Q3","Q3-2017","USD","US Dollar","9","Billions",,,107.9071,,
"XTIMVA01","Imports in goods (value)","MEX","Mexico","CXML","US-Dollar converted","Q","Quarterly","2017-Q4","Q4-2017","USD","US Dollar","9","Billions",,,112.0364,,
"XTIMVA01","Imports in goods (value)","MEX","Mexico","CXML","US-Dollar converted","Q","Quarterly","2018-Q1","Q1-2018","USD","US Dollar","9","Billions",,,107.025,,
"XTIMVA01","Imports in goods (value)","MEX","Mexico","CXML","US-Dollar converted","Q","Quarterly","2018-Q2","Q2-2018","USD","US Dollar","9","Billions",,,116.6215,,
"XTIMVA01","Imports in goods (value)","MEX","Mexico","CXML","US-Dollar converted","Q","Quarterly","2018-Q3","Q3-2018","USD","US Dollar","9","Billions",,,119.7433,,
"XTIMVA01","Imports in goods (value)","MEX","Mexico","CXML","US-Dollar converted","Q","Quarterly","2018-Q4","Q4-2018","USD","US Dollar","9","Billions",,,120.9126,,
"XTIMVA01","Imports in goods (value)","MEX","Mexico","CXML","US-Dollar converted","Q","Quarterly","2019-Q1","Q1-2019","USD","US Dollar","9","Billions",,,109.8683,,
"XTIMVA01","Imports in goods (value)","MEX","Mexico","CXML","US-Dollar converted","Q","Quarterly","2019-Q2","Q2-2019","USD","US Dollar","9","Billions",,,114.2599,,
"XTIMVA01","Imports in goods (value)","MEX","Mexico","CXML","US-Dollar converted","Q","Quarterly","2019-Q3","Q3-2019","USD","US Dollar","9","Billions",,,117.4105,,
"XTIMVA01","Imports in goods (value)","MEX","Mexico","CXML","US-Dollar converted","Q","Quarterly","2019-Q4","Q4-2019","USD","US Dollar","9","Billions",,,113.7566,,
"XTIMVA01","Imports in goods (value)","MEX","Mexico","CXML","US-Dollar converted","Q","Quarterly","2020-Q1","Q1-2020","USD","US Dollar","9","Billions",,,104.7998,,
"XTEXVA01","Exports in goods (value)","TUR","Turkey","CXML","US-Dollar converted","Q","Quarterly","2016-Q4","Q4-2016","USD","US Dollar","9","Billions",,,40.32534,,
"XTEXVA01","Exports in goods (value)","TUR","Turkey","CXML","US-Dollar converted","Q","Quarterly","2017-Q1","Q1-2017","USD","US Dollar","9","Billions",,,39.45794,,
"XTEXVA01","Exports in goods (value)","TUR","Turkey","CXML","US-Dollar converted","Q","Quarterly","2017-Q2","Q2-2017","USD","US Dollar","9","Billions",,,41.30618,,
"XTEXVA01","Exports in goods (value)","TUR","Turkey","CXML","US-Dollar converted","Q","Quarterly","2017-Q3","Q3-2017","USD","US Dollar","9","Billions",,,39.48711,,
"XTEXVA01","Exports in goods (value)","TUR","Turkey","CXML","US-Dollar converted","Q","Quarterly","2017-Q4","Q4-2017","USD","US Dollar","9","Billions",,,44.24338,,
"XTEXVA01","Exports in goods (value)","TUR","Turkey","CXML","US-Dollar converted","Q","Quarterly","2018-Q1","Q1-2018","USD","US Dollar","9","Billions",,,43.24548,,
"XTEXVA01","Exports in goods (value)","TUR","Turkey","CXML","US-Dollar converted","Q","Quarterly","2018-Q2","Q2-2018","USD","US Dollar","9","Billions",,,43.35456,,
"XTEXVA01","Exports in goods (value)","TUR","Turkey","CXML","US-Dollar converted","Q","Quarterly","2018-Q3","Q3-2018","USD","US Dollar","9","Billions",,,42.94548,,
"XTEXVA01","Exports in goods (value)","TUR","Turkey","CXML","US-Dollar converted","Q","Quarterly","2018-Q4","Q4-2018","USD","US Dollar","9","Billions",,,47.62323,,
"XTEXVA01","Exports in goods (value)","TUR","Turkey","CXML","US-Dollar converted","Q","Quarterly","2019-Q1","Q1-2019","USD","US Dollar","9","Billions",,,44.53374,,
"XTEXVA01","Exports in goods (value)","TUR","Turkey","CXML","US-Dollar converted","Q","Quarterly","2019-Q2","Q2-2019","USD","US Dollar","9","Billions",,,43.83055,,
"XTEXVA01","Exports in goods (value)","TUR","Turkey","CXML","US-Dollar converted","Q","Quarterly","2019-Q3","Q3-2019","USD","US Dollar","9","Billions",,,44.42892,,
"XTEXVA01","Exports in goods (value)","TUR","Turkey","CXML","US-Dollar converted","Q","Quarterly","2019-Q4","Q4-2019","USD","US Dollar","9","Billions",,,48.0427,,
"XTEXVA01","Exports in goods (value)","TUR","Turkey","CXML","US-Dollar converted","Q","Quarterly","2020-Q1","Q1-2020","USD","US Dollar","9","Billions",,,42.67255,,
"XTIMVA01","Imports in goods (value)","TUR","Turkey","CXML","US-Dollar converted","Q","Quarterly","2016-Q4","Q4-2016","USD","US Dollar","9","Billions",,,52.60718,,
"XTIMVA01","Imports in goods (value)","TUR","Turkey","CXML","US-Dollar converted","Q","Quarterly","2017-Q1","Q1-2017","USD","US Dollar","9","Billions",,,51.80055,,
"XTIMVA01","Imports in goods (value)","TUR","Turkey","CXML","US-Dollar converted","Q","Quarterly","2017-Q2","Q2-2017","USD","US Dollar","9","Billions",,,58.77656,,
"XTIMVA01","Imports in goods (value)","TUR","Turkey","CXML","US-Dollar converted","Q","Quarterly","2017-Q3","Q3-2017","USD","US Dollar","9","Billions",,,62.15215,,
"XTIMVA01","Imports in goods (value)","TUR","Turkey","CXML","US-Dollar converted","Q","Quarterly","2017-Q4","Q4-2017","USD","US Dollar","9","Billions",,,65.98586,,
"XTIMVA01","Imports in goods (value)","TUR","Turkey","CXML","US-Dollar converted","Q","Quarterly","2018-Q1","Q1-2018","USD","US Dollar","9","Billions",,,64.31667,,
"XTIMVA01","Imports in goods (value)","TUR","Turkey","CXML","US-Dollar converted","Q","Quarterly","2018-Q2","Q2-2018","USD","US Dollar","9","Billions",,,63.93692,,
"XTIMVA01","Imports in goods (value)","TUR","Turkey","CXML","US-Dollar converted","Q","Quarterly","2018-Q3","Q3-2018","USD","US Dollar","9","Billions",,,53.45616,,
"XTIMVA01","Imports in goods (value)","TUR","Turkey","CXML","US-Dollar converted","Q","Quarterly","2018-Q4","Q4-2018","USD","US Dollar","9","Billions",,,49.44274,,
"XTIMVA01","Imports in goods (value)","TUR","Turkey","CXML","US-Dollar converted","Q","Quarterly","2019-Q1","Q1-2019","USD","US Dollar","9","Billions",,,50.47187,,
"XTIMVA01","Imports in goods (value)","TUR","Turkey","CXML","US-Dollar converted","Q","Quarterly","2019-Q2","Q2-2019","USD","US Dollar","9","Billions",,,51.6784,,
"XTIMVA01","Imports in goods (value)","TUR","Turkey","CXML","US-Dollar converted","Q","Quarterly","2019-Q3","Q3-2019","USD","US Dollar","9","Billions",,,51.73351,,
"XTIMVA01","Imports in goods (value)","TUR","Turkey","CXML","US-Dollar converted","Q","Quarterly","2019-Q4","Q4-2019","USD","US Dollar","9","Billions",,,56.45969,,
"XTIMVA01","Imports in goods (value)","TUR","Turkey","CXML","US-Dollar converted","Q","Quarterly","2020-Q1","Q1-2020","USD","US Dollar","9","Billions",,,55.65195,,
"XTEXVA01","Exports in goods (value)","GBR","United Kingdom","CXML","US-Dollar converted","Q","Quarterly","2016-Q4","Q4-2016","USD","US Dollar","9","Billions",,,98.88516,,
"XTEXVA01","Exports in goods (value)","GBR","United Kingdom","CXML","US-Dollar converted","Q","Quarterly","2017-Q1","Q1-2017","USD","US Dollar","9","Billions",,,100.7807,,
"XTEXVA01","Exports in goods (value)","GBR","United Kingdom","CXML","US-Dollar converted","Q","Quarterly","2017-Q2","Q2-2017","USD","US Dollar","9","Billions",,,103.5401,,
"XTEXVA01","Exports in goods (value)","GBR","United Kingdom","CXML","US-Dollar converted","Q","Quarterly","2017-Q3","Q3-2017","USD","US Dollar","9","Billions",,,104.9448,,
"XTEXVA01","Exports in goods (value)","GBR","United Kingdom","CXML","US-Dollar converted","Q","Quarterly","2017-Q4","Q4-2017","USD","US Dollar","9","Billions",,,113.2475,,
"XTEXVA01","Exports in goods (value)","GBR","United Kingdom","CXML","US-Dollar converted","Q","Quarterly","2018-Q1","Q1-2018","USD","US Dollar","9","Billions",,,116.8888,,
"XTEXVA01","Exports in goods (value)","GBR","United Kingdom","CXML","US-Dollar converted","Q","Quarterly","2018-Q2","Q2-2018","USD","US Dollar","9","Billions",,,112.8931,,
"XTEXVA01","Exports in goods (value)","GBR","United Kingdom","CXML","US-Dollar converted","Q","Quarterly","2018-Q3","Q3-2018","USD","US Dollar","9","Billions",,,110.2878,,
"XTEXVA01","Exports in goods (value)","GBR","United Kingdom","CXML","US-Dollar converted","Q","Quarterly","2018-Q4","Q4-2018","USD","US Dollar","9","Billions",,,112.2391,,
"XTEXVA01","Exports in goods (value)","GBR","United Kingdom","CXML","US-Dollar converted","Q","Quarterly","2019-Q1","Q1-2019","USD","US Dollar","9","Billions",,,115.5176,,
"XTEXVA01","Exports in goods (value)","GBR","United Kingdom","CXML","US-Dollar converted","Q","Quarterly","2019-Q2","Q2-2019","USD","US Dollar","9","Billions",,,107.5461,,
"XTEXVA01","Exports in goods (value)","GBR","United Kingdom","CXML","US-Dollar converted","Q","Quarterly","2019-Q3","Q3-2019","USD","US Dollar","9","Billions",,,106.5423,,
"XTEXVA01","Exports in goods (value)","GBR","United Kingdom","CXML","US-Dollar converted","Q","Quarterly","2019-Q4","Q4-2019","USD","US Dollar","9","Billions",,,113.5915,,
"XTEXVA01","Exports in goods (value)","GBR","United Kingdom","CXML","US-Dollar converted","Q","Quarterly","2020-Q1","Q1-2020","USD","US Dollar","9","Billions",,,102.3834,,
"XTIMVA01","Imports in goods (value)","GBR","United Kingdom","CXML","US-Dollar converted","Q","Quarterly","2016-Q4","Q4-2016","USD","US Dollar","9","Billions",,,141.767,,
"XTIMVA01","Imports in goods (value)","GBR","United Kingdom","CXML","US-Dollar converted","Q","Quarterly","2017-Q1","Q1-2017","USD","US Dollar","9","Billions",,,145.113,,
"XTIMVA01","Imports in goods (value)","GBR","United Kingdom","CXML","US-Dollar converted","Q","Quarterly","2017-Q2","Q2-2017","USD","US Dollar","9","Billions",,,145.981,,
"XTIMVA01","Imports in goods (value)","GBR","United Kingdom","CXML","US-Dollar converted","Q","Quarterly","2017-Q3","Q3-2017","USD","US Dollar","9","Billions",,,152.9724,,
"XTIMVA01","Imports in goods (value)","GBR","United Kingdom","CXML","US-Dollar converted","Q","Quarterly","2017-Q4","Q4-2017","USD","US Dollar","9","Billions",,,159.4531,,
"XTIMVA01","Imports in goods (value)","GBR","United Kingdom","CXML","US-Dollar converted","Q","Quarterly","2018-Q1","Q1-2018","USD","US Dollar","9","Billions",,,163.4549,,
"XTIMVA01","Imports in goods (value)","GBR","United Kingdom","CXML","US-Dollar converted","Q","Quarterly","2018-Q2","Q2-2018","USD","US Dollar","9","Billions",,,157.9302,,
"XTIMVA01","Imports in goods (value)","GBR","United Kingdom","CXML","US-Dollar converted","Q","Quarterly","2018-Q3","Q3-2018","USD","US Dollar","9","Billions",,,157.0615,,
"XTIMVA01","Imports in goods (value)","GBR","United Kingdom","CXML","US-Dollar converted","Q","Quarterly","2018-Q4","Q4-2018","USD","US Dollar","9","Billions",,,163.9538,,
"XTIMVA01","Imports in goods (value)","GBR","United Kingdom","CXML","US-Dollar converted","Q","Quarterly","2019-Q1","Q1-2019","USD","US Dollar","9","Billions",,,168.479,,
"XTIMVA01","Imports in goods (value)","GBR","United Kingdom","CXML","US-Dollar converted","Q","Quarterly","2019-Q2","Q2-2019","USD","US Dollar","9","Billions",,,146.7867,,
"XTIMVA01","Imports in goods (value)","GBR","United Kingdom","CXML","US-Dollar converted","Q","Quarterly","2019-Q3","Q3-2019","USD","US Dollar","9","Billions",,,149.1694,,
"XTIMVA01","Imports in goods (value)","GBR","United Kingdom","CXML","US-Dollar converted","Q","Quarterly","2019-Q4","Q4-2019","USD","US Dollar","9","Billions",,,154.1591,,
"XTIMVA01","Imports in goods (value)","GBR","United Kingdom","CXML","US-Dollar converted","Q","Quarterly","2020-Q1","Q1-2020","USD","US Dollar","9","Billions",,,141.0474,,
"XTEXVA01","Exports in goods (value)","USA","United States","CXML","US-Dollar converted","Q","Quarterly","2016-Q4","Q4-2016","USD","US Dollar","9","Billions",,,377.939,,
"XTEXVA01","Exports in goods (value)","USA","United States","CXML","US-Dollar converted","Q","Quarterly","2017-Q1","Q1-2017","USD","US Dollar","9","Billions",,,372.605,,
"XTEXVA01","Exports in goods (value)","USA","United States","CXML","US-Dollar converted","Q","Quarterly","2017-Q2","Q2-2017","USD","US Dollar","9","Billions",,,384.452,,
"XTEXVA01","Exports in goods (value)","USA","United States","CXML","US-Dollar converted","Q","Quarterly","2017-Q3","Q3-2017","USD","US Dollar","9","Billions",,,381.666,,
"XTEXVA01","Exports in goods (value)","USA","United States","CXML","US-Dollar converted","Q","Quarterly","2017-Q4","Q4-2017","USD","US Dollar","9","Billions",,,407.749,,
"XTEXVA01","Exports in goods (value)","USA","United States","CXML","US-Dollar converted","Q","Quarterly","2018-Q1","Q1-2018","USD","US Dollar","9","Billions",,,402.816,,
"XTEXVA01","Exports in goods (value)","USA","United States","CXML","US-Dollar converted","Q","Quarterly","2018-Q2","Q2-2018","USD","US Dollar","9","Billions",,,429.251,,
"XTEXVA01","Exports in goods (value)","USA","United States","CXML","US-Dollar converted","Q","Quarterly","2018-Q3","Q3-2018","USD","US Dollar","9","Billions",,,413.189,,
"XTEXVA01","Exports in goods (value)","USA","United States","CXML","US-Dollar converted","Q","Quarterly","2018-Q4","Q4-2018","USD","US Dollar","9","Billions",,,420.432,,
"XTEXVA01","Exports in goods (value)","USA","United States","CXML","US-Dollar converted","Q","Quarterly","2019-Q1","Q1-2019","USD","US Dollar","9","Billions",,,407.999,,
"XTEXVA01","Exports in goods (value)","USA","United States","CXML","US-Dollar converted","Q","Quarterly","2019-Q2","Q2-2019","USD","US Dollar","9","Billions",,,414.945,,
"XTEXVA01","Exports in goods (value)","USA","United States","CXML","US-Dollar converted","Q","Quarterly","2019-Q3","Q3-2019","USD","US Dollar","9","Billions",,,405.601,,
"XTEXVA01","Exports in goods (value)","USA","United States","CXML","US-Dollar converted","Q","Quarterly","2019-Q4","Q4-2019","USD","US Dollar","9","Billions",,,414.616,,
"XTEXVA01","Exports in goods (value)","USA","United States","CXML","US-Dollar converted","Q","Quarterly","2020-Q1","Q1-2020","USD","US Dollar","9","Billions",,,395.735,,
"XTIMVA01","Imports in goods (value)","USA","United States","CXML","US-Dollar converted","Q","Quarterly","2016-Q4","Q4-2016","USD","US Dollar","9","Billions",,,566.91,,
"XTIMVA01","Imports in goods (value)","USA","United States","CXML","US-Dollar converted","Q","Quarterly","2017-Q1","Q1-2017","USD","US Dollar","9","Billions",,,548.986,,
"XTIMVA01","Imports in goods (value)","USA","United States","CXML","US-Dollar converted","Q","Quarterly","2017-Q2","Q2-2017","USD","US Dollar","9","Billions",,,584.436,,
"XTIMVA01","Imports in goods (value)","USA","United States","CXML","US-Dollar converted","Q","Quarterly","2017-Q3","Q3-2017","USD","US Dollar","9","Billions",,,587.84,,
"XTIMVA01","Imports in goods (value)","USA","United States","CXML","US-Dollar converted","Q","Quarterly","2017-Q4","Q4-2017","USD","US Dollar","9","Billions",,,618.623,,
"XTIMVA01","Imports in goods (value)","USA","United States","CXML","US-Dollar converted","Q","Quarterly","2018-Q1","Q1-2018","USD","US Dollar","9","Billions",,,598.142,,
"XTIMVA01","Imports in goods (value)","USA","United States","CXML","US-Dollar converted","Q","Quarterly","2018-Q2","Q2-2018","USD","US Dollar","9","Billions",,,632.694,,
"XTIMVA01","Imports in goods (value)","USA","United States","CXML","US-Dollar converted","Q","Quarterly","2018-Q3","Q3-2018","USD","US Dollar","9","Billions",,,650.425,,
"XTIMVA01","Imports in goods (value)","USA","United States","CXML","US-Dollar converted","Q","Quarterly","2018-Q4","Q4-2018","USD","US Dollar","9","Billions",,,656.469,,
"XTIMVA01","Imports in goods (value)","USA","United States","CXML","US-Dollar converted","Q","Quarterly","2019-Q1","Q1-2019","USD","US Dollar","9","Billions",,,598.25,,
"XTIMVA01","Imports in goods (value)","USA","United States","CXML","US-Dollar converted","Q","Quarterly","2019-Q2","Q2-2019","USD","US Dollar","9","Billions",,,636.932,,
"XTIMVA01","Imports in goods (value)","USA","United States","CXML","US-Dollar converted","Q","Quarterly","2019-Q3","Q3-2019","USD","US Dollar","9","Billions",,,641.171,,
"XTIMVA01","Imports in goods (value)","USA","United States","CXML","US-Dollar converted","Q","Quarterly","2019-Q4","Q4-2019","USD","US Dollar","9","Billions",,,621.179,,
"XTIMVA01","Imports in goods (value)","USA","United States","CXML","US-Dollar converted","Q","Quarterly","2020-Q1","Q1-2020","USD","US Dollar","9","Billions",,,569.064,,
"XTEXVA01","Exports in goods (value)","BRA","Brazil","CXML","US-Dollar converted","Q","Quarterly","2016-Q4","Q4-2016","USD","US Dollar","9","Billions",,,45.87094,,
"XTEXVA01","Exports in goods (value)","BRA","Brazil","CXML","US-Dollar converted","Q","Quarterly","2017-Q1","Q1-2017","USD","US Dollar","9","Billions",,,50.45088,,
"XTEXVA01","Exports in goods (value)","BRA","Brazil","CXML","US-Dollar converted","Q","Quarterly","2017-Q2","Q2-2017","USD","US Dollar","9","Billions",,,57.24895,,
"XTEXVA01","Exports in goods (value)","BRA","Brazil","CXML","US-Dollar converted","Q","Quarterly","2017-Q3","Q3-2017","USD","US Dollar","9","Billions",,,56.88905,,
"XTEXVA01","Exports in goods (value)","BRA","Brazil","CXML","US-Dollar converted","Q","Quarterly","2017-Q4","Q4-2017","USD","US Dollar","9","Billions",,,53.15034,,
"XTEXVA01","Exports in goods (value)","BRA","Brazil","CXML","US-Dollar converted","Q","Quarterly","2018-Q1","Q1-2018","USD","US Dollar","9","Billions",,,54.666,,
"XTEXVA01","Exports in goods (value)","BRA","Brazil","CXML","US-Dollar converted","Q","Quarterly","2018-Q2","Q2-2018","USD","US Dollar","9","Billions",,,59.15192,,
"XTEXVA01","Exports in goods (value)","BRA","Brazil","CXML","US-Dollar converted","Q","Quarterly","2018-Q3","Q3-2018","USD","US Dollar","9","Billions",,,63.26443,,
"XTEXVA01","Exports in goods (value)","BRA","Brazil","CXML","US-Dollar converted","Q","Quarterly","2018-Q4","Q4-2018","USD","US Dollar","9","Billions",,,62.18164,,
"XTEXVA01","Exports in goods (value)","BRA","Brazil","CXML","US-Dollar converted","Q","Quarterly","2019-Q1","Q1-2019","USD","US Dollar","9","Billions",,,51.16798,,
"XTEXVA01","Exports in goods (value)","BRA","Brazil","CXML","US-Dollar converted","Q","Quarterly","2019-Q2","Q2-2019","USD","US Dollar","9","Billions",,,58.28016,,
"XTEXVA01","Exports in goods (value)","BRA","Brazil","CXML","US-Dollar converted","Q","Quarterly","2019-Q3","Q3-2019","USD","US Dollar","9","Billions",,,60.11882,,
"XTEXVA01","Exports in goods (value)","BRA","Brazil","CXML","US-Dollar converted","Q","Quarterly","2019-Q4","Q4-2019","USD","US Dollar","9","Billions",,,55.81653,,
"XTEXVA01","Exports in goods (value)","BRA","Brazil","CXML","US-Dollar converted","Q","Quarterly","2020-Q1","Q1-2020","USD","US Dollar","9","Billions",,,49.04949,,
"XTIMVA01","Imports in goods (value)","BRA","Brazil","CXML","US-Dollar converted","Q","Quarterly","2016-Q4","Q4-2016","USD","US Dollar","9","Billions",,,34.375,,
"XTIMVA01","Imports in goods (value)","BRA","Brazil","CXML","US-Dollar converted","Q","Quarterly","2017-Q1","Q1-2017","USD","US Dollar","9","Billions",,,36.04876,,
"XTIMVA01","Imports in goods (value)","BRA","Brazil","CXML","US-Dollar converted","Q","Quarterly","2017-Q2","Q2-2017","USD","US Dollar","9","Billions",,,35.4409,,
"XTIMVA01","Imports in goods (value)","BRA","Brazil","CXML","US-Dollar converted","Q","Quarterly","2017-Q3","Q3-2017","USD","US Dollar","9","Billions",,,39.84097,,
"XTIMVA01","Imports in goods (value)","BRA","Brazil","CXML","US-Dollar converted","Q","Quarterly","2017-Q4","Q4-2017","USD","US Dollar","9","Billions",,,39.41887,,
"XTIMVA01","Imports in goods (value)","BRA","Brazil","CXML","US-Dollar converted","Q","Quarterly","2018-Q1","Q1-2018","USD","US Dollar","9","Billions",,,42.42279,,
"XTIMVA01","Imports in goods (value)","BRA","Brazil","CXML","US-Dollar converted","Q","Quarterly","2018-Q2","Q2-2018","USD","US Dollar","9","Billions",,,41.37781,,
"XTIMVA01","Imports in goods (value)","BRA","Brazil","CXML","US-Dollar converted","Q","Quarterly","2018-Q3","Q3-2018","USD","US Dollar","9","Billions",,,51.545,,
"XTIMVA01","Imports in goods (value)","BRA","Brazil","CXML","US-Dollar converted","Q","Quarterly","2018-Q4","Q4-2018","USD","US Dollar","9","Billions",,,45.88496,,
"XTIMVA01","Imports in goods (value)","BRA","Brazil","CXML","US-Dollar converted","Q","Quarterly","2019-Q1","Q1-2019","USD","US Dollar","9","Billions",,,42.14259,,
"XTIMVA01","Imports in goods (value)","BRA","Brazil","CXML","US-Dollar converted","Q","Quarterly","2019-Q2","Q2-2019","USD","US Dollar","9","Billions",,,41.6253,,
"XTIMVA01","Imports in goods (value)","BRA","Brazil","CXML","US-Dollar converted","Q","Quarterly","2019-Q3","Q3-2019","USD","US Dollar","9","Billions",,,49.82457,,
"XTIMVA01","Imports in goods (value)","BRA","Brazil","CXML","US-Dollar converted","Q","Quarterly","2019-Q4","Q4-2019","USD","US Dollar","9","Billions",,,43.75547,,
"XTIMVA01","Imports in goods (value)","BRA","Brazil","CXML","US-Dollar converted","Q","Quarterly","2020-Q1","Q1-2020","USD","US Dollar","9","Billions",,,43.9501,,
"XTEXVA01","Exports in goods (value)","CHN","China (People's Republic of)","CXML","US-Dollar converted","Q","Quarterly","2016-Q4","Q4-2016","USD","US Dollar","9","Billions",,,579.818,,
"XTEXVA01","Exports in goods (value)","CHN","China (People's Republic of)","CXML","US-Dollar converted","Q","Quarterly","2017-Q1","Q1-2017","USD","US Dollar","9","Billions",,,479.72,,
"XTEXVA01","Exports in goods (value)","CHN","China (People's Republic of)","CXML","US-Dollar converted","Q","Quarterly","2017-Q2","Q2-2017","USD","US Dollar","9","Billions",,,563.25,,
"XTEXVA01","Exports in goods (value)","CHN","China (People's Republic of)","CXML","US-Dollar converted","Q","Quarterly","2017-Q3","Q3-2017","USD","US Dollar","9","Billions",,,589.04,,
"XTEXVA01","Exports in goods (value)","CHN","China (People's Republic of)","CXML","US-Dollar converted","Q","Quarterly","2017-Q4","Q4-2017","USD","US Dollar","9","Billions",,,638.156,,
"XTEXVA01","Exports in goods (value)","CHN","China (People's Republic of)","CXML","US-Dollar converted","Q","Quarterly","2018-Q1","Q1-2018","USD","US Dollar","9","Billions",,,545.691,,
"XTEXVA01","Exports in goods (value)","CHN","China (People's Republic of)","CXML","US-Dollar converted","Q","Quarterly","2018-Q2","Q2-2018","USD","US Dollar","9","Billions",,,629.39,,
"XTEXVA01","Exports in goods (value)","CHN","China (People's Republic of)","CXML","US-Dollar converted","Q","Quarterly","2018-Q3","Q3-2018","USD","US Dollar","9","Billions",,,658.345,,
"XTEXVA01","Exports in goods (value)","CHN","China (People's Republic of)","CXML","US-Dollar converted","Q","Quarterly","2018-Q4","Q4-2018","USD","US Dollar","9","Billions",,,665.953,,
"XTEXVA01","Exports in goods (value)","CHN","China (People's Republic of)","CXML","US-Dollar converted","Q","Quarterly","2019-Q1","Q1-2019","USD","US Dollar","9","Billions",,,551.165,,
"XTEXVA01","Exports in goods (value)","CHN","China (People's Republic of)","CXML","US-Dollar converted","Q","Quarterly","2019-Q2","Q2-2019","USD","US Dollar","9","Billions",,,620.1599,,
"XTEXVA01","Exports in goods (value)","CHN","China (People's Republic of)","CXML","US-Dollar converted","Q","Quarterly","2019-Q3","Q3-2019","USD","US Dollar","9","Billions",,,654.4631,,
"XTEXVA01","Exports in goods (value)","CHN","China (People's Republic of)","CXML","US-Dollar converted","Q","Quarterly","2019-Q4","Q4-2019","USD","US Dollar","9","Billions",,,672.5211,,
"XTEXVA01","Exports in goods (value)","CHN","China (People's Republic of)","CXML","US-Dollar converted","Q","Quarterly","2020-Q1","Q1-2020","USD","US Dollar","9","Billions",,,477.586,"E","Estimated value"
"XTIMVA01","Imports in goods (value)","CHN","China (People's Republic of)","CXML","US-Dollar converted","Q","Quarterly","2016-Q4","Q4-2016","USD","US Dollar","9","Billions",,,446.332,,
"XTIMVA01","Imports in goods (value)","CHN","China (People's Republic of)","CXML","US-Dollar converted","Q","Quarterly","2017-Q1","Q1-2017","USD","US Dollar","9","Billions",,,417.77,,
"XTIMVA01","Imports in goods (value)","CHN","China (People's Republic of)","CXML","US-Dollar converted","Q","Quarterly","2017-Q2","Q2-2017","USD","US Dollar","9","Billions",,,444.28,,
"XTIMVA01","Imports in goods (value)","CHN","China (People's Republic of)","CXML","US-Dollar converted","Q","Quarterly","2017-Q3","Q3-2017","USD","US Dollar","9","Billions",,,473.35,,
"XTIMVA01","Imports in goods (value)","CHN","China (People's Republic of)","CXML","US-Dollar converted","Q","Quarterly","2017-Q4","Q4-2017","USD","US Dollar","9","Billions",,,505.092,,
"XTIMVA01","Imports in goods (value)","CHN","China (People's Republic of)","CXML","US-Dollar converted","Q","Quarterly","2018-Q1","Q1-2018","USD","US Dollar","9","Billions",,,496.872,,
"XTIMVA01","Imports in goods (value)","CHN","China (People's Republic of)","CXML","US-Dollar converted","Q","Quarterly","2018-Q2","Q2-2018","USD","US Dollar","9","Billions",,,534.713,,
"XTIMVA01","Imports in goods (value)","CHN","China (People's Republic of)","CXML","US-Dollar converted","Q","Quarterly","2018-Q3","Q3-2018","USD","US Dollar","9","Billions",,,571.956,,
"XTIMVA01","Imports in goods (value)","CHN","China (People's Republic of)","CXML","US-Dollar converted","Q","Quarterly","2018-Q4","Q4-2018","USD","US Dollar","9","Billions",,,529.235,,
"XTIMVA01","Imports in goods (value)","CHN","China (People's Republic of)","CXML","US-Dollar converted","Q","Quarterly","2019-Q1","Q1-2019","USD","US Dollar","9","Billions",,,475.036,,
"XTIMVA01","Imports in goods (value)","CHN","China (People's Republic of)","CXML","US-Dollar converted","Q","Quarterly","2019-Q2","Q2-2019","USD","US Dollar","9","Billions",,,513.7548,,
"XTIMVA01","Imports in goods (value)","CHN","China (People's Republic of)","CXML","US-Dollar converted","Q","Quarterly","2019-Q3","Q3-2019","USD","US Dollar","9","Billions",,,535.3751,,
"XTIMVA01","Imports in goods (value)","CHN","China (People's Republic of)","CXML","US-Dollar converted","Q","Quarterly","2019-Q4","Q4-2019","USD","US Dollar","9","Billions",,,544.3663,,
"XTIMVA01","Imports in goods (value)","CHN","China (People's Republic of)","CXML","US-Dollar converted","Q","Quarterly","2020-Q1","Q1-2020","USD","US Dollar","9","Billions",,,464.753,"E","Estimated value"
"XTEXVA01","Exports in goods (value)","IND","India","CXML","US-Dollar converted","Q","Quarterly","2016-Q4","Q4-2016","USD","US Dollar","9","Billions",,,67.48335,,
"XTEXVA01","Exports in goods (value)","IND","India","CXML","US-Dollar converted","Q","Quarterly","2017-Q1","Q1-2017","USD","US Dollar","9","Billions",,,75.63409,,
"XTEXVA01","Exports in goods (value)","IND","India","CXML","US-Dollar converted","Q","Quarterly","2017-Q2","Q2-2017","USD","US Dollar","9","Billions",,,71.5387,,
"XTEXVA01","Exports in goods (value)","IND","India","CXML","US-Dollar converted","Q","Quarterly","2017-Q3","Q3-2017","USD","US Dollar","9","Billions",,,74.21484,,
"XTEXVA01","Exports in goods (value)","IND","India","CXML","US-Dollar converted","Q","Quarterly","2017-Q4","Q4-2017","USD","US Dollar","9","Billions",,,77.01392,,
"XTEXVA01","Exports in goods (value)","IND","India","CXML","US-Dollar converted","Q","Quarterly","2018-Q1","Q1-2018","USD","US Dollar","9","Billions",,,80.60549,,
"XTEXVA01","Exports in goods (value)","IND","India","CXML","US-Dollar converted","Q","Quarterly","2018-Q2","Q2-2018","USD","US Dollar","9","Billions",,,81.95976,,
"XTEXVA01","Exports in goods (value)","IND","India","CXML","US-Dollar converted","Q","Quarterly","2018-Q3","Q3-2018","USD","US Dollar","9","Billions",,,81.46234,,
"XTEXVA01","Exports in goods (value)","IND","India","CXML","US-Dollar converted","Q","Quarterly","2018-Q4","Q4-2018","USD","US Dollar","9","Billions",,,80.45983,,
"XTEXVA01","Exports in goods (value)","IND","India","CXML","US-Dollar converted","Q","Quarterly","2019-Q1","Q1-2019","USD","US Dollar","9","Billions",,,85.99121,,
"XTEXVA01","Exports in goods (value)","IND","India","CXML","US-Dollar converted","Q","Quarterly","2019-Q2","Q2-2019","USD","US Dollar","9","Billions",,,80.93875,,
"XTEXVA01","Exports in goods (value)","IND","India","CXML","US-Dollar converted","Q","Quarterly","2019-Q3","Q3-2019","USD","US Dollar","9","Billions",,,78.38407,,
"XTEXVA01","Exports in goods (value)","IND","India","CXML","US-Dollar converted","Q","Quarterly","2019-Q4","Q4-2019","USD","US Dollar","9","Billions",,,79.65233,,
"XTEXVA01","Exports in goods (value)","IND","India","CXML","US-Dollar converted","Q","Quarterly","2020-Q1","Q1-2020","USD","US Dollar","9","Billions",,,75.02607,,
"XTIMVA01","Imports in goods (value)","IND","India","CXML","US-Dollar converted","Q","Quarterly","2016-Q4","Q4-2016","USD","US Dollar","9","Billions",,,102.5594,,
"XTIMVA01","Imports in goods (value)","IND","India","CXML","US-Dollar converted","Q","Quarterly","2017-Q1","Q1-2017","USD","US Dollar","9","Billions",,,106.4562,,
"XTIMVA01","Imports in goods (value)","IND","India","CXML","US-Dollar converted","Q","Quarterly","2017-Q2","Q2-2017","USD","US Dollar","9","Billions",,,114.1684,,
"XTIMVA01","Imports in goods (value)","IND","India","CXML","US-Dollar converted","Q","Quarterly","2017-Q3","Q3-2017","USD","US Dollar","9","Billions",,,108.2483,,
"XTIMVA01","Imports in goods (value)","IND","India","CXML","US-Dollar converted","Q","Quarterly","2017-Q4","Q4-2017","USD","US Dollar","9","Billions",,,120.9224,,
"XTIMVA01","Imports in goods (value)","IND","India","CXML","US-Dollar converted","Q","Quarterly","2018-Q1","Q1-2018","USD","US Dollar","9","Billions",,,121.3736,,
"XTIMVA01","Imports in goods (value)","IND","India","CXML","US-Dollar converted","Q","Quarterly","2018-Q2","Q2-2018","USD","US Dollar","9","Billions",,,128.6687,,
"XTIMVA01","Imports in goods (value)","IND","India","CXML","US-Dollar converted","Q","Quarterly","2018-Q3","Q3-2018","USD","US Dollar","9","Billions",,,132.9319,,
"XTIMVA01","Imports in goods (value)","IND","India","CXML","US-Dollar converted","Q","Quarterly","2018-Q4","Q4-2018","USD","US Dollar","9","Billions",,,130.6709,,
"XTIMVA01","Imports in goods (value)","IND","India","CXML","US-Dollar converted","Q","Quarterly","2019-Q1","Q1-2019","USD","US Dollar","9","Billions",,,121.7647,,
"XTIMVA01","Imports in goods (value)","IND","India","CXML","US-Dollar converted","Q","Quarterly","2019-Q2","Q2-2019","USD","US Dollar","9","Billions",,,129.1163,,
"XTIMVA01","Imports in goods (value)","IND","India","CXML","US-Dollar converted","Q","Quarterly","2019-Q3","Q3-2019","USD","US Dollar","9","Billions",,,117.9771,,
"XTIMVA01","Imports in goods (value)","IND","India","CXML","US-Dollar converted","Q","Quarterly","2019-Q4","Q4-2019","USD","US Dollar","9","Billions",,,116.1004,,
"XTIMVA01","Imports in goods (value)","IND","India","CXML","US-Dollar converted","Q","Quarterly","2020-Q1","Q1-2020","USD","US Dollar","9","Billions",,,109.8098,,
"XTEXVA01","Exports in goods (value)","IDN","Indonesia","CXML","US-Dollar converted","Q","Quarterly","2016-Q4","Q4-2016","USD","US Dollar","9","Billions",,,40.07901,,
"XTEXVA01","Exports in goods (value)","IDN","Indonesia","CXML","US-Dollar converted","Q","Quarterly","2017-Q1","Q1-2017","USD","US Dollar","9","Billions",,,40.73214,,
"XTEXVA01","Exports in goods (value)","IDN","Indonesia","CXML","US-Dollar converted","Q","Quarterly","2017-Q2","Q2-2017","USD","US Dollar","9","Billions",,,39.26493,,
"XTEXVA01","Exports in goods (value)","IDN","Indonesia","CXML","US-Dollar converted","Q","Quarterly","2017-Q3","Q3-2017","USD","US Dollar","9","Billions",,,43.37927,,
"XTEXVA01","Exports in goods (value)","IDN","Indonesia","CXML","US-Dollar converted","Q","Quarterly","2017-Q4","Q4-2017","USD","US Dollar","9","Billions",,,45.45185,,
"XTEXVA01","Exports in goods (value)","IDN","Indonesia","CXML","US-Dollar converted","Q","Quarterly","2018-Q1","Q1-2018","USD","US Dollar","9","Billions",,,44.2729,,
"XTEXVA01","Exports in goods (value)","IDN","Indonesia","CXML","US-Dollar converted","Q","Quarterly","2018-Q2","Q2-2018","USD","US Dollar","9","Billions",,,43.72089,,
"XTEXVA01","Exports in goods (value)","IDN","Indonesia","CXML","US-Dollar converted","Q","Quarterly","2018-Q3","Q3-2018","USD","US Dollar","9","Billions",,,47.08813,,
"XTEXVA01","Exports in goods (value)","IDN","Indonesia","CXML","US-Dollar converted","Q","Quarterly","2018-Q4","Q4-2018","USD","US Dollar","9","Billions",,,45.13311,,
"XTEXVA01","Exports in goods (value)","IDN","Indonesia","CXML","US-Dollar converted","Q","Quarterly","2019-Q1","Q1-2019","USD","US Dollar","9","Billions",,,40.60569,,
"XTEXVA01","Exports in goods (value)","IDN","Indonesia","CXML","US-Dollar converted","Q","Quarterly","2019-Q2","Q2-2019","USD","US Dollar","9","Billions",,,39.73153,,
"XTEXVA01","Exports in goods (value)","IDN","Indonesia","CXML","US-Dollar converted","Q","Quarterly","2019-Q3","Q3-2019","USD","US Dollar","9","Billions",,,43.83544,,
"XTEXVA01","Exports in goods (value)","IDN","Indonesia","CXML","US-Dollar converted","Q","Quarterly","2019-Q4","Q4-2019","USD","US Dollar","9","Billions",,,43.32433,,
"XTEXVA01","Exports in goods (value)","IDN","Indonesia","CXML","US-Dollar converted","Q","Quarterly","2020-Q1","Q1-2020","USD","US Dollar","9","Billions",,,41.78644,,
"XTIMVA01","Imports in goods (value)","IDN","Indonesia","CXML","US-Dollar converted","Q","Quarterly","2016-Q4","Q4-2016","USD","US Dollar","9","Billions",,,36.95913,,
"XTIMVA01","Imports in goods (value)","IDN","Indonesia","CXML","US-Dollar converted","Q","Quarterly","2017-Q1","Q1-2017","USD","US Dollar","9","Billions",,,36.61636,,
"XTIMVA01","Imports in goods (value)","IDN","Indonesia","CXML","US-Dollar converted","Q","Quarterly","2017-Q2","Q2-2017","USD","US Dollar","9","Billions",,,35.71473,,
"XTIMVA01","Imports in goods (value)","IDN","Indonesia","CXML","US-Dollar converted","Q","Quarterly","2017-Q3","Q3-2017","USD","US Dollar","9","Billions",,,40.1873,,
"XTIMVA01","Imports in goods (value)","IDN","Indonesia","CXML","US-Dollar converted","Q","Quarterly","2017-Q4","Q4-2017","USD","US Dollar","9","Billions",,,44.46717,,
"XTIMVA01","Imports in goods (value)","IDN","Indonesia","CXML","US-Dollar converted","Q","Quarterly","2018-Q1","Q1-2018","USD","US Dollar","9","Billions",,,43.95852,,
"XTIMVA01","Imports in goods (value)","IDN","Indonesia","CXML","US-Dollar converted","Q","Quarterly","2018-Q2","Q2-2018","USD","US Dollar","9","Billions",,,45.09306,,
"XTIMVA01","Imports in goods (value)","IDN","Indonesia","CXML","US-Dollar converted","Q","Quarterly","2018-Q3","Q3-2018","USD","US Dollar","9","Billions",,,49.72531,,
"XTIMVA01","Imports in goods (value)","IDN","Indonesia","CXML","US-Dollar converted","Q","Quarterly","2018-Q4","Q4-2018","USD","US Dollar","9","Billions",,,49.93435,,
"XTIMVA01","Imports in goods (value)","IDN","Indonesia","CXML","US-Dollar converted","Q","Quarterly","2019-Q1","Q1-2019","USD","US Dollar","9","Billions",,,40.66853,,
"XTIMVA01","Imports in goods (value)","IDN","Indonesia","CXML","US-Dollar converted","Q","Quarterly","2019-Q2","Q2-2019","USD","US Dollar","9","Billions",,,41.50124,,
"XTIMVA01","Imports in goods (value)","IDN","Indonesia","CXML","US-Dollar converted","Q","Quarterly","2019-Q3","Q3-2019","USD","US Dollar","9","Billions",,,43.95127,,
"XTIMVA01","Imports in goods (value)","IDN","Indonesia","CXML","US-Dollar converted","Q","Quarterly","2019-Q4","Q4-2019","USD","US Dollar","9","Billions",,,44.60633,,
"XTIMVA01","Imports in goods (value)","IDN","Indonesia","CXML","US-Dollar converted","Q","Quarterly","2020-Q1","Q1-2020","USD","US Dollar","9","Billions",,,39.169,,
"XTEXVA01","Exports in goods (value)","RUS","Russia","CXML","US-Dollar converted","Q","Quarterly","2016-Q4","Q4-2016","USD","US Dollar","9","Billions",,,82.492,,
"XTEXVA01","Exports in goods (value)","RUS","Russia","CXML","US-Dollar converted","Q","Quarterly","2017-Q1","Q1-2017","USD","US Dollar","9","Billions",,,82.573,,
"XTEXVA01","Exports in goods (value)","RUS","Russia","CXML","US-Dollar converted","Q","Quarterly","2017-Q2","Q2-2017","USD","US Dollar","9","Billions",,,83.794,,
"XTEXVA01","Exports in goods (value)","RUS","Russia","CXML","US-Dollar converted","Q","Quarterly","2017-Q3","Q3-2017","USD","US Dollar","9","Billions",,,84.441,,
"XTEXVA01","Exports in goods (value)","RUS","Russia","CXML","US-Dollar converted","Q","Quarterly","2017-Q4","Q4-2017","USD","US Dollar","9","Billions",,,102.296,,
"XTEXVA01","Exports in goods (value)","RUS","Russia","CXML","US-Dollar converted","Q","Quarterly","2018-Q1","Q1-2018","USD","US Dollar","9","Billions",,,101.529,,
"XTEXVA01","Exports in goods (value)","RUS","Russia","CXML","US-Dollar converted","Q","Quarterly","2018-Q2","Q2-2018","USD","US Dollar","9","Billions",,,108.774,,
"XTEXVA01","Exports in goods (value)","RUS","Russia","CXML","US-Dollar converted","Q","Quarterly","2018-Q3","Q3-2018","USD","US Dollar","9","Billions",,,110.438,,
"XTEXVA01","Exports in goods (value)","RUS","Russia","CXML","US-Dollar converted","Q","Quarterly","2018-Q4","Q4-2018","USD","US Dollar","9","Billions",,,122.388,,
"XTEXVA01","Exports in goods (value)","RUS","Russia","CXML","US-Dollar converted","Q","Quarterly","2019-Q1","Q1-2019","USD","US Dollar","9","Billions",,,102.621,,
"XTEXVA01","Exports in goods (value)","RUS","Russia","CXML","US-Dollar converted","Q","Quarterly","2019-Q2","Q2-2019","USD","US Dollar","9","Billions",,,101.433,,
"XTEXVA01","Exports in goods (value)","RUS","Russia","CXML","US-Dollar converted","Q","Quarterly","2019-Q3","Q3-2019","USD","US Dollar","9","Billions",,,103.362,,
"XTEXVA01","Exports in goods (value)","RUS","Russia","CXML","US-Dollar converted","Q","Quarterly","2019-Q4","Q4-2019","USD","US Dollar","9","Billions",,,111.268,,
"XTEXVA01","Exports in goods (value)","RUS","Russia","CXML","US-Dollar converted","Q","Quarterly","2020-Q1","Q1-2020","USD","US Dollar","9","Billions",,,87.77,,
"XTIMVA01","Imports in goods (value)","RUS","Russia","CXML","US-Dollar converted","Q","Quarterly","2016-Q4","Q4-2016","USD","US Dollar","9","Billions",,,55.352,,
"XTIMVA01","Imports in goods (value)","RUS","Russia","CXML","US-Dollar converted","Q","Quarterly","2017-Q1","Q1-2017","USD","US Dollar","9","Billions",,,48.097,,
"XTIMVA01","Imports in goods (value)","RUS","Russia","CXML","US-Dollar converted","Q","Quarterly","2017-Q2","Q2-2017","USD","US Dollar","9","Billions",,,58.72,,
"XTIMVA01","Imports in goods (value)","RUS","Russia","CXML","US-Dollar converted","Q","Quarterly","2017-Q3","Q3-2017","USD","US Dollar","9","Billions",,,63.847,,
"XTIMVA01","Imports in goods (value)","RUS","Russia","CXML","US-Dollar converted","Q","Quarterly","2017-Q4","Q4-2017","USD","US Dollar","9","Billions",,,67.72,,
"XTIMVA01","Imports in goods (value)","RUS","Russia","CXML","US-Dollar converted","Q","Quarterly","2018-Q1","Q1-2018","USD","US Dollar","9","Billions",,,57.446,,
"XTIMVA01","Imports in goods (value)","RUS","Russia","CXML","US-Dollar converted","Q","Quarterly","2018-Q2","Q2-2018","USD","US Dollar","9","Billions",,,63.408,,
"XTIMVA01","Imports in goods (value)","RUS","Russia","CXML","US-Dollar converted","Q","Quarterly","2018-Q3","Q3-2018","USD","US Dollar","9","Billions",,,62.685,,
"XTIMVA01","Imports in goods (value)","RUS","Russia","CXML","US-Dollar converted","Q","Quarterly","2018-Q4","Q4-2018","USD","US Dollar","9","Billions",,,65.165,,
"XTIMVA01","Imports in goods (value)","RUS","Russia","CXML","US-Dollar converted","Q","Quarterly","2019-Q1","Q1-2019","USD","US Dollar","9","Billions",,,55.647,,
"XTIMVA01","Imports in goods (value)","RUS","Russia","CXML","US-Dollar converted","Q","Quarterly","2019-Q2","Q2-2019","USD","US Dollar","9","Billions",,,61.966,,
"XTIMVA01","Imports in goods (value)","RUS","Russia","CXML","US-Dollar converted","Q","Quarterly","2019-Q3","Q3-2019","USD","US Dollar","9","Billions",,,65.376,,
"XTIMVA01","Imports in goods (value)","RUS","Russia","CXML","US-Dollar converted","Q","Quarterly","2019-Q4","Q4-2019","USD","US Dollar","9","Billions",,,71.362,,
"XTIMVA01","Imports in goods (value)","RUS","Russia","CXML","US-Dollar converted","Q","Quarterly","2020-Q1","Q1-2020","USD","US Dollar","9","Billions",,,55.719,,
"XTEXVA01","Exports in goods (value)","SAU","Saudi Arabia","CXML","US-Dollar converted","Q","Quarterly","2016-Q4","Q4-2016","USD","US Dollar","9","Billions",,,52.49126,,
"XTEXVA01","Exports in goods (value)","SAU","Saudi Arabia","CXML","US-Dollar converted","Q","Quarterly","2017-Q1","Q1-2017","USD","US Dollar","9","Billions",,,55.21029,,
"XTEXVA01","Exports in goods (value)","SAU","Saudi Arabia","CXML","US-Dollar converted","Q","Quarterly","2017-Q2","Q2-2017","USD","US Dollar","9","Billions",,,50.59421,,
"XTEXVA01","Exports in goods (value)","SAU","Saudi Arabia","CXML","US-Dollar converted","Q","Quarterly","2017-Q3","Q3-2017","USD","US Dollar","9","Billions",,,52.34359,,
"XTEXVA01","Exports in goods (value)","SAU","Saudi Arabia","CXML","US-Dollar converted","Q","Quarterly","2017-Q4","Q4-2017","USD","US Dollar","9","Billions",,,63.59753,,
"XTEXVA01","Exports in goods (value)","SAU","Saudi Arabia","CXML","US-Dollar converted","Q","Quarterly","2018-Q1","Q1-2018","USD","US Dollar","9","Billions",,,65.29055,,
"XTEXVA01","Exports in goods (value)","SAU","Saudi Arabia","CXML","US-Dollar converted","Q","Quarterly","2018-Q2","Q2-2018","USD","US Dollar","9","Billions",,,74.9584,,
"XTEXVA01","Exports in goods (value)","SAU","Saudi Arabia","CXML","US-Dollar converted","Q","Quarterly","2018-Q3","Q3-2018","USD","US Dollar","9","Billions",,,76.91511,,
"XTEXVA01","Exports in goods (value)","SAU","Saudi Arabia","CXML","US-Dollar converted","Q","Quarterly","2018-Q4","Q4-2018","USD","US Dollar","9","Billions",,,77.37062,,
"XTEXVA01","Exports in goods (value)","SAU","Saudi Arabia","CXML","US-Dollar converted","Q","Quarterly","2019-Q1","Q1-2019","USD","US Dollar","9","Billions",,,66.49661,,
"XTEXVA01","Exports in goods (value)","SAU","Saudi Arabia","CXML","US-Dollar converted","Q","Quarterly","2019-Q2","Q2-2019","USD","US Dollar","9","Billions",,,68.19008,,
"XTEXVA01","Exports in goods (value)","SAU","Saudi Arabia","CXML","US-Dollar converted","Q","Quarterly","2019-Q3","Q3-2019","USD","US Dollar","9","Billions",,,62.95455,,
"XTEXVA01","Exports in goods (value)","SAU","Saudi Arabia","CXML","US-Dollar converted","Q","Quarterly","2019-Q4","Q4-2019","USD","US Dollar","9","Billions",,,63.87469,,
"XTEXVA01","Exports in goods (value)","SAU","Saudi Arabia","CXML","US-Dollar converted","Q","Quarterly","2020-Q1","Q1-2020","USD","US Dollar","9","Billions",,,52.70396,,
"XTIMVA01","Imports in goods (value)","SAU","Saudi Arabia","CXML","US-Dollar converted","Q","Quarterly","2016-Q4","Q4-2016","USD","US Dollar","9","Billions",,,33.49758,,
"XTIMVA01","Imports in goods (value)","SAU","Saudi Arabia","CXML","US-Dollar converted","Q","Quarterly","2017-Q1","Q1-2017","USD","US Dollar","9","Billions",,,33.52587,,
"XTIMVA01","Imports in goods (value)","SAU","Saudi Arabia","CXML","US-Dollar converted","Q","Quarterly","2017-Q2","Q2-2017","USD","US Dollar","9","Billions",,,33.78941,,
"XTIMVA01","Imports in goods (value)","SAU","Saudi Arabia","CXML","US-Dollar converted","Q","Quarterly","2017-Q3","Q3-2017","USD","US Dollar","9","Billions",,,33.0276,,
"XTIMVA01","Imports in goods (value)","SAU","Saudi Arabia","CXML","US-Dollar converted","Q","Quarterly","2017-Q4","Q4-2017","USD","US Dollar","9","Billions",,,34.17666,,
"XTIMVA01","Imports in goods (value)","SAU","Saudi Arabia","CXML","US-Dollar converted","Q","Quarterly","2018-Q1","Q1-2018","USD","US Dollar","9","Billions",,,33.32902,,
"XTIMVA01","Imports in goods (value)","SAU","Saudi Arabia","CXML","US-Dollar converted","Q","Quarterly","2018-Q2","Q2-2018","USD","US Dollar","9","Billions",,,35.47194,,
"XTIMVA01","Imports in goods (value)","SAU","Saudi Arabia","CXML","US-Dollar converted","Q","Quarterly","2018-Q3","Q3-2018","USD","US Dollar","9","Billions",,,34.13903,,
"XTIMVA01","Imports in goods (value)","SAU","Saudi Arabia","CXML","US-Dollar converted","Q","Quarterly","2018-Q4","Q4-2018","USD","US Dollar","9","Billions",,,33.83891,,
"XTIMVA01","Imports in goods (value)","SAU","Saudi Arabia","CXML","US-Dollar converted","Q","Quarterly","2019-Q1","Q1-2019","USD","US Dollar","9","Billions",,,34.61818,,
"XTIMVA01","Imports in goods (value)","SAU","Saudi Arabia","CXML","US-Dollar converted","Q","Quarterly","2019-Q2","Q2-2019","USD","US Dollar","9","Billions",,,38.12824,,
"XTIMVA01","Imports in goods (value)","SAU","Saudi Arabia","CXML","US-Dollar converted","Q","Quarterly","2019-Q3","Q3-2019","USD","US Dollar","9","Billions",,,36.85987,,
"XTIMVA01","Imports in goods (value)","SAU","Saudi Arabia","CXML","US-Dollar converted","Q","Quarterly","2019-Q4","Q4-2019","USD","US Dollar","9","Billions",,,34.72842,,
"XTIMVA01","Imports in goods (value)","SAU","Saudi Arabia","CXML","US-Dollar converted","Q","Quarterly","2020-Q1","Q1-2020","USD","US Dollar","9","Billions",,,32.50888,,
"XTEXVA01","Exports in goods (value)","ZAF","South Africa","CXML","US-Dollar converted","Q","Quarterly","2016-Q4","Q4-2016","USD","US Dollar","9","Billions",,,20.20564,,
"XTEXVA01","Exports in goods (value)","ZAF","South Africa","CXML","US-Dollar converted","Q","Quarterly","2017-Q1","Q1-2017","USD","US Dollar","9","Billions",,,20.26951,,
"XTEXVA01","Exports in goods (value)","ZAF","South Africa","CXML","US-Dollar converted","Q","Quarterly","2017-Q2","Q2-2017","USD","US Dollar","9","Billions",,,22.34247,,
"XTEXVA01","Exports in goods (value)","ZAF","South Africa","CXML","US-Dollar converted","Q","Quarterly","2017-Q3","Q3-2017","USD","US Dollar","9","Billions",,,22.68538,,
"XTEXVA01","Exports in goods (value)","ZAF","South Africa","CXML","US-Dollar converted","Q","Quarterly","2017-Q4","Q4-2017","USD","US Dollar","9","Billions",,,23.7795,,
"XTEXVA01","Exports in goods (value)","ZAF","South Africa","CXML","US-Dollar converted","Q","Quarterly","2018-Q1","Q1-2018","USD","US Dollar","9","Billions",,,22.50068,,
"XTEXVA01","Exports in goods (value)","ZAF","South Africa","CXML","US-Dollar converted","Q","Quarterly","2018-Q2","Q2-2018","USD","US Dollar","9","Billions",,,23.85548,,
"XTEXVA01","Exports in goods (value)","ZAF","South Africa","CXML","US-Dollar converted","Q","Quarterly","2018-Q3","Q3-2018","USD","US Dollar","9","Billions",,,23.86779,,
"XTEXVA01","Exports in goods (value)","ZAF","South Africa","CXML","US-Dollar converted","Q","Quarterly","2018-Q4","Q4-2018","USD","US Dollar","9","Billions",,,24.03541,,
"XTEXVA01","Exports in goods (value)","ZAF","South Africa","CXML","US-Dollar converted","Q","Quarterly","2019-Q1","Q1-2019","USD","US Dollar","9","Billions",,,20.82378,,
"XTEXVA01","Exports in goods (value)","ZAF","South Africa","CXML","US-Dollar converted","Q","Quarterly","2019-Q2","Q2-2019","USD","US Dollar","9","Billions",,,22.56516,,
"XTEXVA01","Exports in goods (value)","ZAF","South Africa","CXML","US-Dollar converted","Q","Quarterly","2019-Q3","Q3-2019","USD","US Dollar","9","Billions",,,23.33709,,
"XTEXVA01","Exports in goods (value)","ZAF","South Africa","CXML","US-Dollar converted","Q","Quarterly","2019-Q4","Q4-2019","USD","US Dollar","9","Billions",,,23.24363,,
"XTEXVA01","Exports in goods (value)","ZAF","South Africa","CXML","US-Dollar converted","Q","Quarterly","2020-Q1","Q1-2020","USD","US Dollar","9","Billions",,,21.38904,,
"XTIMVA01","Imports in goods (value)","ZAF","South Africa","CXML","US-Dollar converted","Q","Quarterly","2016-Q4","Q4-2016","USD","US Dollar","9","Billions",,,19.71627,,
"XTIMVA01","Imports in goods (value)","ZAF","South Africa","CXML","US-Dollar converted","Q","Quarterly","2017-Q1","Q1-2017","USD","US Dollar","9","Billions",,,19.90296,,
"XTIMVA01","Imports in goods (value)","ZAF","South Africa","CXML","US-Dollar converted","Q","Quarterly","2017-Q2","Q2-2017","USD","US Dollar","9","Billions",,,20.62401,,
"XTIMVA01","Imports in goods (value)","ZAF","South Africa","CXML","US-Dollar converted","Q","Quarterly","2017-Q3","Q3-2017","USD","US Dollar","9","Billions",,,21.18241,,
"XTIMVA01","Imports in goods (value)","ZAF","South Africa","CXML","US-Dollar converted","Q","Quarterly","2017-Q4","Q4-2017","USD","US Dollar","9","Billions",,,21.3824,,
"XTIMVA01","Imports in goods (value)","ZAF","South Africa","CXML","US-Dollar converted","Q","Quarterly","2018-Q1","Q1-2018","USD","US Dollar","9","Billions",,,24.04189,,
"XTIMVA01","Imports in goods (value)","ZAF","South Africa","CXML","US-Dollar converted","Q","Quarterly","2018-Q2","Q2-2018","USD","US Dollar","9","Billions",,,22.51802,,
"XTIMVA01","Imports in goods (value)","ZAF","South Africa","CXML","US-Dollar converted","Q","Quarterly","2018-Q3","Q3-2018","USD","US Dollar","9","Billions",,,23.8927,,
"XTIMVA01","Imports in goods (value)","ZAF","South Africa","CXML","US-Dollar converted","Q","Quarterly","2018-Q4","Q4-2018","USD","US Dollar","9","Billions",,,22.93432,,
"XTIMVA01","Imports in goods (value)","ZAF","South Africa","CXML","US-Dollar converted","Q","Quarterly","2019-Q1","Q1-2019","USD","US Dollar","9","Billions",,,21.14448,,
"XTIMVA01","Imports in goods (value)","ZAF","South Africa","CXML","US-Dollar converted","Q","Quarterly","2019-Q2","Q2-2019","USD","US Dollar","9","Billions",,,22.30713,,
"XTIMVA01","Imports in goods (value)","ZAF","South Africa","CXML","US-Dollar converted","Q","Quarterly","2019-Q3","Q3-2019","USD","US Dollar","9","Billions",,,22.97263,,
"XTIMVA01","Imports in goods (value)","ZAF","South Africa","CXML","US-Dollar converted","Q","Quarterly","2019-Q4","Q4-2019","USD","US Dollar","9","Billions",,,21.72887,,
"XTIMVA01","Imports in goods (value)","ZAF","South Africa","CXML","US-Dollar converted","Q","Quarterly","2020-Q1","Q1-2020","USD","US Dollar","9","Billions",,,19.11229,,
"XTIMVA01","Imports in goods (value)","ARG","Argentina","CXML","US-Dollar converted","Q","Quarterly","2016-Q4","Q4-2016","USD","US Dollar","9","Billions",,,14.101,,
"XTIMVA01","Imports in goods (value)","ARG","Argentina","CXML","US-Dollar converted","Q","Quarterly","2017-Q1","Q1-2017","USD","US Dollar","9","Billions",,,13.936,,
"XTIMVA01","Imports in goods (value)","ARG","Argentina","CXML","US-Dollar converted","Q","Quarterly","2017-Q2","Q2-2017","USD","US Dollar","9","Billions",,,16.935,,
"XTIMVA01","Imports in goods (value)","ARG","Argentina","CXML","US-Dollar converted","Q","Quarterly","2017-Q3","Q3-2017","USD","US Dollar","9","Billions",,,18.328,,
"XTIMVA01","Imports in goods (value)","ARG","Argentina","CXML","US-Dollar converted","Q","Quarterly","2017-Q4","Q4-2017","USD","US Dollar","9","Billions",,,17.738,,
"XTIMVA01","Imports in goods (value)","ARG","Argentina","CXML","US-Dollar converted","Q","Quarterly","2018-Q1","Q1-2018","USD","US Dollar","9","Billions",,,16.918,,
"XTIMVA01","Imports in goods (value)","ARG","Argentina","CXML","US-Dollar converted","Q","Quarterly","2018-Q2","Q2-2018","USD","US Dollar","9","Billions",,,18.015,,
"XTIMVA01","Imports in goods (value)","ARG","Argentina","CXML","US-Dollar converted","Q","Quarterly","2018-Q3","Q3-2018","USD","US Dollar","9","Billions",,,17.196,,
"XTIMVA01","Imports in goods (value)","ARG","Argentina","CXML","US-Dollar converted","Q","Quarterly","2018-Q4","Q4-2018","USD","US Dollar","9","Billions",,,13.353,,
"XTIMVA01","Imports in goods (value)","ARG","Argentina","CXML","US-Dollar converted","Q","Quarterly","2019-Q1","Q1-2019","USD","US Dollar","9","Billions",,,12.166,,
"XTIMVA01","Imports in goods (value)","ARG","Argentina","CXML","US-Dollar converted","Q","Quarterly","2019-Q2","Q2-2019","USD","US Dollar","9","Billions",,,12.988,,
"XTIMVA01","Imports in goods (value)","ARG","Argentina","CXML","US-Dollar converted","Q","Quarterly","2019-Q3","Q3-2019","USD","US Dollar","9","Billions",,,13.307,,
"XTIMVA01","Imports in goods (value)","ARG","Argentina","CXML","US-Dollar converted","Q","Quarterly","2019-Q4","Q4-2019","USD","US Dollar","9","Billions",,,10.663,,
"XTIMVA01","Imports in goods (value)","ARG","Argentina","CXML","US-Dollar converted","Q","Quarterly","2020-Q1","Q1-2020","USD","US Dollar","9","Billions",,,9.904,,
"XTEXVA01","Exports in goods (value)","ARG","Argentina","CXML","US-Dollar converted","Q","Quarterly","2016-Q4","Q4-2016","USD","US Dollar","9","Billions",,,14.223,,
"XTEXVA01","Exports in goods (value)","ARG","Argentina","CXML","US-Dollar converted","Q","Quarterly","2017-Q1","Q1-2017","USD","US Dollar","9","Billions",,,12.755,,
"XTEXVA01","Exports in goods (value)","ARG","Argentina","CXML","US-Dollar converted","Q","Quarterly","2017-Q2","Q2-2017","USD","US Dollar","9","Billions",,,15.518,,
"XTEXVA01","Exports in goods (value)","ARG","Argentina","CXML","US-Dollar converted","Q","Quarterly","2017-Q3","Q3-2017","USD","US Dollar","9","Billions",,,15.844,,
"XTEXVA01","Exports in goods (value)","ARG","Argentina","CXML","US-Dollar converted","Q","Quarterly","2017-Q4","Q4-2017","USD","US Dollar","9","Billions",,,14.527,,
"XTEXVA01","Exports in goods (value)","ARG","Argentina","CXML","US-Dollar converted","Q","Quarterly","2018-Q1","Q1-2018","USD","US Dollar","9","Billions",,,14.531,,
"XTEXVA01","Exports in goods (value)","ARG","Argentina","CXML","US-Dollar converted","Q","Quarterly","2018-Q2","Q2-2018","USD","US Dollar","9","Billions",,,15.512,,
"XTEXVA01","Exports in goods (value)","ARG","Argentina","CXML","US-Dollar converted","Q","Quarterly","2018-Q3","Q3-2018","USD","US Dollar","9","Billions",,,15.654,,
"XTEXVA01","Exports in goods (value)","ARG","Argentina","CXML","US-Dollar converted","Q","Quarterly","2018-Q4","Q4-2018","USD","US Dollar","9","Billions",,,16.084,,
"XTEXVA01","Exports in goods (value)","ARG","Argentina","CXML","US-Dollar converted","Q","Quarterly","2019-Q1","Q1-2019","USD","US Dollar","9","Billions",,,14.17,,
"XTEXVA01","Exports in goods (value)","ARG","Argentina","CXML","US-Dollar converted","Q","Quarterly","2019-Q2","Q2-2019","USD","US Dollar","9","Billions",,,16.62,,
"XTEXVA01","Exports in goods (value)","ARG","Argentina","CXML","US-Dollar converted","Q","Quarterly","2019-Q3","Q3-2019","USD","US Dollar","9","Billions",,,17.17,,
"XTEXVA01","Exports in goods (value)","ARG","Argentina","CXML","US-Dollar converted","Q","Quarterly","2019-Q4","Q4-2019","USD","US Dollar","9","Billions",,,17.156,,
"XTEXVA01","Exports in goods (value)","ARG","Argentina","CXML","US-Dollar converted","Q","Quarterly","2020-Q1","Q1-2020","USD","US Dollar","9","Billions",,,13.213,,
"XTEXVA01","Exports in goods (value)","EU27_2020","European Union – 27 countries (from 01/02/2020)","CXML","US-Dollar converted","Q","Quarterly","2016-Q4","Q4-2016","USD","US Dollar","9","Billions",,,1254.456,,
"XTEXVA01","Exports in goods (value)","EU27_2020","European Union – 27 countries (from 01/02/2020)","CXML","US-Dollar converted","Q","Quarterly","2017-Q1","Q1-2017","USD","US Dollar","9","Billions",,,1287.161,,
"XTEXVA01","Exports in goods (value)","EU27_2020","European Union – 27 countries (from 01/02/2020)","CXML","US-Dollar converted","Q","Quarterly","2017-Q2","Q2-2017","USD","US Dollar","9","Billions",,,1333.284,,
"XTEXVA01","Exports in goods (value)","EU27_2020","European Union – 27 countries (from 01/02/2020)","CXML","US-Dollar converted","Q","Quarterly","2017-Q3","Q3-2017","USD","US Dollar","9","Billions",,,1374.565,,
"XTEXVA01","Exports in goods (value)","EU27_2020","European Union – 27 countries (from 01/02/2020)","CXML","US-Dollar converted","Q","Quarterly","2017-Q4","Q4-2017","USD","US Dollar","9","Billions",,,1470.73,,
"XTEXVA01","Exports in goods (value)","EU27_2020","European Union – 27 countries (from 01/02/2020)","CXML","US-Dollar converted","Q","Quarterly","2018-Q1","Q1-2018","USD","US Dollar","9","Billions",,,1538.876,,
"XTEXVA01","Exports in goods (value)","EU27_2020","European Union – 27 countries (from 01/02/2020)","CXML","US-Dollar converted","Q","Quarterly","2018-Q2","Q2-2018","USD","US Dollar","9","Billions",,,1526.028,,
"XTEXVA01","Exports in goods (value)","EU27_2020","European Union – 27 countries (from 01/02/2020)","CXML","US-Dollar converted","Q","Quarterly","2018-Q3","Q3-2018","USD","US Dollar","9","Billions",,,1438.107,,
"XTEXVA01","Exports in goods (value)","EU27_2020","European Union – 27 countries (from 01/02/2020)","CXML","US-Dollar converted","Q","Quarterly","2018-Q4","Q4-2018","USD","US Dollar","9","Billions",,,1489.161,,
"XTEXVA01","Exports in goods (value)","EU27_2020","European Union – 27 countries (from 01/02/2020)","CXML","US-Dollar converted","Q","Quarterly","2019-Q1","Q1-2019","USD","US Dollar","9","Billions",,,1476.295,,
"XTEXVA01","Exports in goods (value)","EU27_2020","European Union – 27 countries (from 01/02/2020)","CXML","US-Dollar converted","Q","Quarterly","2019-Q2","Q2-2019","USD","US Dollar","9","Billions",,,1470.331,,
"XTEXVA01","Exports in goods (value)","EU27_2020","European Union – 27 countries (from 01/02/2020)","CXML","US-Dollar converted","Q","Quarterly","2019-Q3","Q3-2019","USD","US Dollar","9","Billions",,,1407.649,,
"XTEXVA01","Exports in goods (value)","EU27_2020","European Union – 27 countries (from 01/02/2020)","CXML","US-Dollar converted","Q","Quarterly","2019-Q4","Q4-2019","USD","US Dollar","9","Billions",,,1459.792,,
"XTEXVA01","Exports in goods (value)","EU27_2020","European Union – 27 countries (from 01/02/2020)","CXML","US-Dollar converted","Q","Quarterly","2020-Q1","Q1-2020","USD","US Dollar","9","Billions",,,1392.79,,
"XTIMVA01","Imports in goods (value)","EU27_2020","European Union – 27 countries (from 01/02/2020)","CXML","US-Dollar converted","Q","Quarterly","2016-Q4","Q4-2016","USD","US Dollar","9","Billions",,,1175.791,,
"XTIMVA01","Imports in goods (value)","EU27_2020","European Union – 27 countries (from 01/02/2020)","CXML","US-Dollar converted","Q","Quarterly","2017-Q1","Q1-2017","USD","US Dollar","9","Billions",,,1221.646,,
"XTIMVA01","Imports in goods (value)","EU27_2020","European Union – 27 countries (from 01/02/2020)","CXML","US-Dollar converted","Q","Quarterly","2017-Q2","Q2-2017","USD","US Dollar","9","Billions",,,1249.842,,
"XTIMVA01","Imports in goods (value)","EU27_2020","European Union – 27 countries (from 01/02/2020)","CXML","US-Dollar converted","Q","Quarterly","2017-Q3","Q3-2017","USD","US Dollar","9","Billions",,,1292.331,,
"XTIMVA01","Imports in goods (value)","EU27_2020","European Union – 27 countries (from 01/02/2020)","CXML","US-Dollar converted","Q","Quarterly","2017-Q4","Q4-2017","USD","US Dollar","9","Billions",,,1395.616,,
"XTIMVA01","Imports in goods (value)","EU27_2020","European Union – 27 countries (from 01/02/2020)","CXML","US-Dollar converted","Q","Quarterly","2018-Q1","Q1-2018","USD","US Dollar","9","Billions",,,1465.101,,
"XTIMVA01","Imports in goods (value)","EU27_2020","European Union – 27 countries (from 01/02/2020)","CXML","US-Dollar converted","Q","Quarterly","2018-Q2","Q2-2018","USD","US Dollar","9","Billions",,,1450.985,,
"XTIMVA01","Imports in goods (value)","EU27_2020","European Union – 27 countries (from 01/02/2020)","CXML","US-Dollar converted","Q","Quarterly","2018-Q3","Q3-2018","USD","US Dollar","9","Billions",,,1387.921,,
"XTIMVA01","Imports in goods (value)","EU27_2020","European Union – 27 countries (from 01/02/2020)","CXML","US-Dollar converted","Q","Quarterly","2018-Q4","Q4-2018","USD","US Dollar","9","Billions",,,1441.42,,
"XTIMVA01","Imports in goods (value)","EU27_2020","European Union – 27 countries (from 01/02/2020)","CXML","US-Dollar converted","Q","Quarterly","2019-Q1","Q1-2019","USD","US Dollar","9","Billions",,,1411.939,,
"XTIMVA01","Imports in goods (value)","EU27_2020","European Union – 27 countries (from 01/02/2020)","CXML","US-Dollar converted","Q","Quarterly","2019-Q2","Q2-2019","USD","US Dollar","9","Billions",,,1397.88,,
"XTIMVA01","Imports in goods (value)","EU27_2020","European Union – 27 countries (from 01/02/2020)","CXML","US-Dollar converted","Q","Quarterly","2019-Q3","Q3-2019","USD","US Dollar","9","Billions",,,1338.207,,
"XTIMVA01","Imports in goods (value)","EU27_2020","European Union – 27 countries (from 01/02/2020)","CXML","US-Dollar converted","Q","Quarterly","2019-Q4","Q4-2019","USD","US Dollar","9","Billions",,,1381.293,,
"XTIMVA01","Imports in goods (value)","EU27_2020","European Union – 27 countries (from 01/02/2020)","CXML","US-Dollar converted","Q","Quarterly","2020-Q1","Q1-2020","USD","US Dollar","9","Billions",,,1314.867,,
